Latest: Time (s),Latest: X Acceleration 1 (m/s²),Latest: Y Acceleration 1 (m/s²),Latest: Z Acceleration 1 (m/s²),Latest: X Acceleration 2 (m/s²),Latest: Y Acceleration 2 (m/s²),Latest: Z Acceleration 2 (m/s²),Latest: X Acceleration 3 (m/s²),Latest: Y Acceleration 3 (m/s²),Latest: Z Acceleration 3 (m/s²)
6.852258,10.2755556519,0.0961378724605,0.202212924021,9.70469904569,-0.543357142626,0.898541797651,10.0276474177,-0.203426327091,-0.626310509426
6.853924,10.2050193153,0.131496989197,0.306080329436,9.70469904569,-0.543357142626,0.898541797651,9.99193801192,-0.203426327091,-0.589870816359
6.85559,10.2414251664,0.0961378724605,0.235362095962,9.79546079616,-0.451067563292,1.03468442336,9.99193801192,-0.203426327091,-0.589870816359
6.857256,10.2050193153,-0.00772953295382,0.202212924021,9.70469904569,-0.543357142626,0.898541797651,9.99193801192,-0.203426327091,-0.589870816359
6.858922,10.2755556519,0.0961378724605,0.235362095962,9.70469904569,-0.543357142626,0.898541797651,9.99193801192,-0.166649031918,-0.589870816359
6.860588,10.2414251664,0.027629583783,0.166853807284,9.65931817045,-0.543357142626,0.898541797651,9.99193801192,-0.203426327091,-0.589870816359
6.862254,10.2414251664,0.0629887005198,0.202212924021,9.65931817045,-0.543357142626,0.943922672886,9.99193801192,-0.203426327091,-0.589870816359
6.86392,10.2414251664,0.0629887005198,0.166853807284,9.65931817045,-0.543357142626,0.943922672886,9.99193801192,-0.203426327091,-0.589870816359
6.865586,10.2414251664,0.0629887005198,0.202212924021,9.70469904569,-0.543357142626,0.943922672886,9.99193801192,-0.203426327091,-0.589870816359
6.867252,10.2414251664,0.0629887005198,0.202212924021,9.65931817045,-0.589501932292,0.898541797651,9.99193801192,-0.203426327091,-0.553431123291
6.868918,10.2414251664,0.0629887005198,0.131494690548,9.70469904569,-0.543357142626,0.943922672886,9.99193801192,-0.203426327091,-0.589870816359
6.870584,10.2755556519,0.0961378724605,0.131494690548,9.70469904569,-0.543357142626,0.943922672886,9.99193801192,-0.203426327091,-0.553431123291
6.87225,10.311961503,0.0961378724605,0.202212924021,9.65931817045,-0.589501932292,0.943922672886,10.0276474177,-0.203426327091,-0.589870816359
6.873916,10.2755556519,0.0629887005198,0.131494690548,9.65931817045,-0.543357142626,0.989303548122,9.99193801192,-0.203426327091,-0.589870816359
6.875582,10.2414251664,0.131496989197,0.235362095962,9.65931817045,-0.589501932292,0.943922672886,9.99193801192,-0.203426327091,-0.589870816359
6.877248,10.2755556519,0.0629887005198,0.131494690548,9.65931817045,-0.589501932292,0.943922672886,10.0276474177,-0.203426327091,-0.589870816359
6.878914,10.2050193153,-0.00772953295382,0.0961355738109,9.65931817045,-0.589501932292,0.943922672886,9.99193801192,-0.203426327091,-0.589870816359
6.88058,10.2755556519,0.0629887005198,0.131494690548,9.70469904569,-0.543357142626,0.989303548122,9.99193801192,-0.203426327091,-0.626310509426
6.882246,10.2414251664,0.027629583783,0.0961355738109,9.79546079616,-0.451067563292,1.03468442336,10.0276474177,-0.203426327091,-0.589870816359
6.883912,10.2755556519,0.0961378724605,0.166853807284,9.70469904569,-0.543357142626,0.943922672886,10.0276474177,-0.203426327091,-0.589870816359
6.885578,10.2414251664,0.027629583783,0.131494690548,9.65931817045,-0.543357142626,0.898541797651,10.0276474177,-0.203426327091,-0.589870816359
6.887244,10.2414251664,0.0629887005198,0.166853807284,9.75007992092,-0.497212352959,0.943922672886,10.0276474177,-0.203426327091,-0.626310509426
6.88891,10.2755556519,0.0629887005198,0.202212924021,9.70469904569,-0.543357142626,0.898541797651,10.0276474177,-0.203426327091,-0.589870816359
6.890576,10.2414251664,0.0629887005198,0.131494690548,9.75007992092,-0.497212352959,0.989303548122,9.99193801192,-0.203426327091,-0.589870816359
6.892242,10.2755556519,0.0629887005198,0.202212924021,9.70469904569,-0.543357142626,0.943922672886,10.0276474177,-0.203426327091,-0.589870816359
6.893908,10.311961503,0.0961378724605,0.202212924021,9.65931817045,-0.589501932292,0.898541797651,9.99193801192,-0.203426327091,-0.589870816359
6.895574,10.2755556519,0.0961378724605,0.235362095962,9.65931817045,-0.543357142626,0.943922672886,10.0276474177,-0.203426327091,-0.589870816359
6.89724,10.2755556519,0.131496989197,0.306080329436,9.65931817045,-0.589501932292,0.898541797651,9.99193801192,-0.203426327091,-0.589870816359
6.898906,10.2755556519,0.0961378724605,0.131494690548,9.70469904569,-0.543357142626,0.898541797651,10.0276474177,-0.203426327091,-0.589870816359
6.900572,10.4211790564,0.237574339408,0.306080329436,9.56855641998,-0.543357142626,2.21458717948,10.3847414755,-0.0930944415741,-1.02714713317
6.902238,10.6009329464,0.376800861559,-0.465190404386,9.9769842971,-0.266488404624,3.57601343654,10.6704167218,-0.276980917435,-0.189034192619
6.903904,10.2414251664,0.166856105934,-0.0099417763995,10.340031299,-0.220343614958,3.03144293372,10.4561602871,-0.240203622263,1.30271574232
6.90557,9.66348227969,0.0961378724605,0.235362095962,9.61393729522,-0.174198825291,1.57925492618,9.3848781136,-0.166649031918,2.46878592047
6.907236,9.84323616966,0.166856105934,0.586743318534,9.3416520438,-0.358777983958,0.490113920532,9.52771573674,0.090792034287,1.19339666312
6.908902,10.132207613,0.272933456145,1.39337316909,9.25089029333,-0.543357142626,0.490113920532,9.92051920036,0.237901214976,-2.12033792518
6.910568,10.0958017619,0.343651689618,0.341439446172,9.75007992092,-0.312633194291,0.263209544355,9.95622860614,0.31145580532,-2.52117454892
6.912234,10.4211790564,0.237574339408,-0.078450065077,9.9769842971,-0.220343614958,-1.00745496224,10.2061944466,0.127569329459,-2.30253639052
6.9139,10.9604407263,0.272933456145,-1.37789760515,9.61393729522,-0.497212352959,-0.417503584176,10.313322664,-0.0563171464019,-1.64662191531
6.915566,11.1060641308,0.131496989197,-2.04309098877,10.1131269228,-0.404922773625,0.989303548122,10.6704167218,-0.35053550778,-1.4279837569
6.917232,11.0696582797,0.0961378724605,0.235362095962,10.5215547999,-0.543357142626,0.580875671003,10.7418355334,-0.387312802952,-0.917828053964
6.918898,10.6737446486,-0.0430886496906,0.692820668744,10.2038886733,-0.451067563292,0.399352170061,10.8132543449,-0.276980917435,-0.261913578754
6.920564,10.5645270952,-0.00772953295382,0.902765424369,10.6123165504,-0.358777983958,-0.599027085118,10.5275790987,-0.166649031918,-0.480551737157
6.92223,10.4575849075,0.166856105934,1.11271017999,10.4307930495,-0.312633194291,-1.32512108888,10.2419038524,0.164346624631,-1.2093455985
6.923896,10.2050193153,0.272933456145,0.586743318534,9.93160342186,-0.312633194291,-1.55202546506,9.99193801192,0.274678510148,-1.39154406384
6.925562,10.132207613,0.166856105934,1.00884277458,8.97860504192,-0.497212352959,0.0816860434134,9.81339098301,0.090792034287,-1.68306160838
6.927228,10.132207613,0.027629583783,0.202212924021,8.88784329145,-0.543357142626,1.85154017759,9.81339098301,-0.0930944415741,-0.662750202493
6.928894,10.132207613,-0.149165999901,-0.359113054175,9.25089029333,-0.635646721959,2.98606205848,9.70626276566,-0.460867393296,-0.298353271821
6.93056,10.0958017619,-0.217674288579,-0.290604765498,9.70469904569,-0.77408109096,2.80453855754,9.59913454831,-0.681531164329,-0.589870816359
6.932226,9.80683031853,-0.323751638789,-0.078450065077,9.43241379427,-0.912515459961,1.94230192807,9.63484395409,-0.791863049846,-0.589870816359
6.933892,9.66348227969,-0.217674288579,1.42873228583,9.43241379427,-1.05094982896,1.30696967477,9.74197217144,-0.571199278813,0.394000896456
6.935558,9.91604787193,-0.149165999901,2.09392566944,9.70469904569,-0.866370670294,0.80778004718,9.92051920036,-0.35053550778,1.41203482152
6.937224,10.0229900596,0.027629583783,1.4994505193,9.29627116857,-0.635646721959,1.94230192807,9.92051920036,-0.0563171464019,1.70355236606
6.93889,10.1686134642,0.237574339408,1.14806929673,9.61393729522,-0.404922773625,2.07844455377,9.92051920036,0.164346624631,1.55779359379
6.940556,10.132207613,0.272933456145,0.131494690548,9.3416520438,-0.451067563292,1.9876828033,9.84910038879,0.0172374439426,0.576199361793
6.942222,10.0958017619,0.166856105934,-0.500549521123,9.25089029333,-0.404922773625,2.25996805471,9.77768157722,-0.166649031918,-0.152594499552
6.943888,9.95245372306,0.0629887005198,-0.394472170912,9.84084167139,-0.358777983958,1.44311230048,9.70626276566,-0.387312802952,-0.917828053964
6.945554,9.87964202079,-0.113806883164,-0.639776043274,9.65931817045,-0.543357142626,1.08006529859,9.74197217144,-0.644753869157,-1.61018222224
6.94722,9.91604787193,-0.149165999901,0.0961355738109,9.65931817045,-0.77408109096,0.353971294826,9.70626276566,-0.571199278813,-2.08389823211
6.948886,10.0229900596,-0.0784477664274,0.202212924021,9.79546079616,-0.635646721959,-0.871312336531,9.84910038879,-0.424090098124,-2.12033792518
6.950552,10.2755556519,0.0629887005198,-0.255245648761,9.52317554475,-0.681791511626,-0.644407960353,9.92051920036,-0.203426327091,-1.97457915291
6.952218,10.7078751341,0.237574339408,-0.675135160011,9.9769842971,-0.358777983958,-0.00907570705749,10.2419038524,0.0172374439426,-1.97457915291
6.953884,10.8899043897,0.272933456145,-0.991157265846,9.9769842971,-0.312633194291,0.490113920532,10.5275790987,0.090792034287,-1.64662191531
6.95555,10.8170926875,0.0629887005198,-0.639776043274,10.0677460476,-0.404922773625,0.898541797651,10.634707316,-0.129871736746,-1.02714713317
6.957216,10.7078751341,0.0961378724605,-0.325963882235,10.2946504237,-0.497212352959,0.535494795768,10.5632885045,-0.276980917435,-0.00683572728303
6.958882,10.3847732053,-0.113806883164,-0.149168298551,10.1131269228,-0.635646721959,0.30859041959,10.3847414755,-0.534421983641,0.503319975658
6.960548,10.2755556519,-0.149165999901,0.270721212699,9.93160342186,-0.820225880627,0.853160922416,10.313322664,-0.607976573985,0.284681817255
6.962214,10.2414251664,-0.184525116638,0.306080329436,9.93160342186,-0.77408109096,1.26158879953,10.313322664,-0.497644688468,-0.298353271821
6.96388,10.2414251664,-0.113806883164,0.131494690548,9.79546079616,-0.635646721959,1.26158879953,10.1704850408,-0.387312802952,-0.589870816359
6.965546,10.2755556519,0.027629583783,-0.359113054175,9.43241379427,-0.635646721959,1.03468442336,9.88480979457,-0.129871736746,-0.553431123291
6.967212,10.311961503,0.0961378724605,-0.639776043274,9.25089029333,-0.589501932292,1.26158879953,9.74197217144,0.0540147391148,-0.69918989556
6.968878,10.2755556519,0.131496989197,-0.078450065077,9.25089029333,-0.543357142626,1.71539755189,9.74197217144,0.0540147391148,-1.1000265193
6.970544,10.311961503,0.166856105934,0.341439446172,9.52317554475,-0.589501932292,1.85154017759,9.92051920036,-0.0563171464019,-0.772069281695
6.97221,10.132207613,0.027629583783,0.692820668744,9.75007992092,-0.543357142626,1.53387405095,10.0276474177,-0.240203622263,-0.189034192619
6.973876,9.91604787193,-0.00772953295382,0.973483657843,9.61393729522,-0.681791511626,1.12544617383,9.92051920036,-0.387312802952,0.284681817255
6.975542,9.98885957419,-0.00772953295382,0.692820668744,9.38703291904,-0.681791511626,1.62463580142,9.92051920036,-0.387312802952,0.466880282591
6.977208,9.98885957419,-0.0430886496906,0.51602508506,9.3416520438,-0.635646721959,2.44149155566,9.81339098301,-0.313758212607,0.102483351919
6.978874,10.0958017619,0.0629887005198,0.235362095962,9.38703291904,-0.543357142626,2.35072980518,9.74197217144,-0.129871736746,-0.189034192619
6.98054,9.98885957419,0.0961378724605,-0.113809181814,9.2055094181,-0.404922773625,1.53387405095,9.52771573674,0.0540147391148,-0.626310509426
6.982206,9.84323616966,0.166856105934,0.341439446172,9.29627116857,-0.358777983958,0.263209544355,9.45629692517,0.090792034287,-1.02714713317
6.983872,9.91604787193,0.131496989197,0.622102435271,9.43241379427,-0.404922773625,-0.644407960353,9.52771573674,0.090792034287,-1.50086314304
6.985538,10.0229900596,0.0961378724605,0.51602508506,9.25089029333,-0.589501932292,-0.372122708941,9.70626276566,-0.0930944415741,-1.82882038064
6.987204,10.132207613,-0.00772953295382,0.51602508506,9.79546079616,-0.589501932292,-0.0998374575283,9.95622860614,-0.276980917435,-1.46442344997
6.98887,10.3847732053,0.027629583783,0.202212924021,9.9769842971,-0.497212352959,0.172447793884,10.2061944466,-0.424090098124,-0.917828053964
6.990536,10.5645270952,-0.00772953295382,-0.149168298551,9.93160342186,-0.635646721959,0.353971294826,10.313322664,-0.35053550778,-0.44411204409
6.992202,10.7806868363,-0.0430886496906,-0.149168298551,10.0677460476,-0.635646721959,0.535494795768,10.4918696929,-0.387312802952,-0.298353271821
6.993868,10.8899043897,-0.00772953295382,0.0607764570741,10.0677460476,-0.635646721959,0.943922672886,10.634707316,-0.240203622263,-0.298353271821
6.995534,10.7078751341,-0.0784477664274,0.551384201797,10.158507798,-0.589501932292,0.671637421474,10.5989979102,-0.129871736746,-0.152594499552
6.9972,10.5645270952,-0.00772953295382,0.973483657843,10.158507798,-0.589501932292,0.0816860434134,10.4204508813,-0.166649031918,-0.00683572728303
6.998866,10.311961503,-0.0430886496906,1.04199194652,10.0677460476,-0.543357142626,-0.0998374575283,10.313322664,-0.129871736746,-0.116154806485
7.000532,10.2414251664,0.027629583783,0.973483657843,10.0223651723,-0.497212352959,0.263209544355,10.2061944466,-0.240203622263,-0.662750202493
7.002198,10.2414251664,0.0629887005198,0.270721212699,9.79546079616,-0.543357142626,0.80778004718,10.1704850408,-0.276980917435,-1.35510437077
7.003864,10.2755556519,0.027629583783,-0.571267754596,9.52317554475,-0.635646721959,1.39773142524,9.99193801192,-0.35053550778,-1.61018222224
7.00553,10.3847732053,0.0961378724605,-1.16574290473,9.52317554475,-0.635646721959,1.71539755189,9.92051920036,-0.35053550778,-1.46442344997
7.007196,10.2414251664,0.0629887005198,-0.851930743695,9.61393729522,-0.635646721959,1.62463580142,9.88480979457,-0.313758212607,-1.17290590543
7.008862,10.2414251664,0.0629887005198,0.0254173403373,9.61393729522,-0.635646721959,1.44311230048,9.95622860614,-0.240203622263,-0.626310509426
7.010528,10.1686134642,0.0961378724605,0.796688074159,9.61393729522,-0.635646721959,1.08006529859,9.95622860614,-0.166649031918,0.138923044986
7.012194,10.0229900596,-0.00772953295382,0.973483657843,9.52317554475,-0.681791511626,0.898541797651,9.88480979457,-0.129871736746,0.831277213263
7.01386,9.84323616966,-0.0784477664274,0.796688074159,9.3416520438,-0.681791511626,1.12544617383,9.81339098301,-0.166649031918,0.974758504715
7.015526,9.48372838972,0.0961378724605,0.657461552008,8.61555804004,-1.00480503929,2.53225330613,9.49200633095,0.0540147391148,-0.298353271821
7.017192,10.0229900596,0.308292572881,-2.46519044481,6.9795774878,-1.37396335663,10.2946520151,9.3848781136,-0.497644688468,-0.772069281695
7.018858,9.87964202079,-0.323751638789,-2.0784501055,10.0223651723,-0.727936301293,9.9769858885,10.1704850408,-1.08608141122,7.71382424133
7.020524,8.97859720525,0.0629887005198,2.23536213639,11.3837914294,0.887131337047,2.98606205848,9.02778405577,-0.129871736746,10.8818000574
7.02219,8.65321991075,0.62210473392,0.973483657843,7.02495836304,0.148814702377,1.12544617383,8.52562053694,0.750484766439,5.6367617365
7.023856,9.62707642856,1.0795633067,2.90055552,6.79805398686,-0.497212352959,-0.825931461295,9.13491227312,1.37569878437,-7.65461630977
7.025522,11.1766004674,1.70939757358,1.95469914729,9.56855641998,0.333393861045,-0.553646209883,10.4204508813,2.11124468781,-9.69523912153
7.027188,11.0696582797,1.11492242344,-1.30717937168,11.6560766808,1.21014486472,-4.18638527248,11.0275107796,1.15503501333,-6.01710760256
7.028854,11.9342972441,1.0795633067,-5.02430651864,10.8392209266,0.794841757714,-4.54943227436,10.7061261276,0.385010395665,-2.92201117266
7.03052,12.6919940208,0.692822967394,-7.26961043142,9.93160342186,-0.0357644562901,-1.5974063403,11.4560236491,-0.0930944415741,-2.77625240039
7.032186,12.4394284286,0.376800861559,-1.20110202147,11.8376001818,-0.589501932292,3.48525168607,12.0296059794,-0.571199278813,-4.96035650361
7.033852,12.4394284286,0.412159978296,2.16464390291,12.5636941855,0.287249071378,2.44149155566,12.7795035009,-0.35053550778,-2.01101884598
7.035518,11.2858180208,0.343651689618,3.56795884841,12.2914089341,0.933276126714,-2.59805463924,11.9938965737,0.385010395665,0.794837520196
7.037184,10.6373387975,0.973485956492,0.796688074159,12.1552663084,0.70255217838,-8.1799022932,10.5989979102,1.11825771816,1.52135390072
7.03885,10.2414251664,1.32486717906,0.796688074159,9.75007992092,-0.0819092459569,-8.9513771722,9.59913454831,1.70669444092,-3.83072601852
7.040516,10.3847732053,1.15028154018,2.37458865854,7.6149097411,-0.128054035624,-3.36952951824,9.84910038879,1.41247607954,-3.104209638
7.042182,10.3847732053,0.553596445243,2.09392566944,9.25089029333,-0.174198825291,3.34910906036,10.4204508813,0.679228757042,-0.662750202493
7.043848,10.2414251664,-0.113806883164,-1.48176501057,10.7484591761,0.0565251230437,4.34748831554,9.63484395409,-0.387312802952,1.30271574232
7.045514,9.30397449975,-0.288392522052,-3.62099157315,8.97860504192,-0.820225880627,3.98444131366,8.77558637742,-1.08608141122,-2.77625240039
7.04718,9.05140890751,-0.46297816094,-2.0784501055,8.97860504192,-1.6969768843,0.943922672886,8.70416756585,-1.41707706777,-4.15868325613
7.048846,9.15835109522,-0.498337277677,2.12928478618,8.84246241621,-2.1122799913,-0.508265334647,9.59913454831,-1.26996788708,-1.4279837569
7.050512,9.73629398196,-0.359110755526,5.07514119931,9.06936679239,-1.18938419796,1.12544617383,9.95622860614,-0.460867393296,3.05182100955
7.052178,9.84323616966,-0.149165999901,4.6906108048,9.61393729522,-0.589501932292,4.12058393937,9.99193801192,0.164346624631,5.05372664743
7.053844,9.66348227969,0.518237328506,2.69061076437,8.97860504192,-0.451067563292,5.52739107166,9.3848781136,0.824039356783,4.40008965303
7.05551,9.62707642856,0.869618551078,2.09392566944,9.02398591716,-0.128054035624,3.07682380895,9.02778405577,0.532119576354,2.83318285114
7.057176,9.41091668746,0.412159978296,1.42873228583,8.25251103815,-0.220343614958,2.94068118325,9.27774989625,0.090792034287,2.17726837593
7.058842,9.23116279749,-0.288392522052,-0.0453008931363,8.61555804004,-0.404922773625,5.66353369737,9.59913454831,-1.01252682088,2.86962254421
7.060508,9.12194524409,-0.429828988999,0.0961355738109,10.0677460476,-0.681791511626,5.07358231931,9.27774989625,-1.41707706777,-0.298353271821
7.062174,8.94219135412,-0.394469872263,0.270721212699,9.84084167139,-0.727936301293,1.80615930236,8.9563652442,-1.52740895329,-2.22965700438
7.06384,8.94219135412,-0.217674288579,1.39337316909,9.11474766763,-1.05094982896,-1.41588283936,8.9563652442,-1.04930411605,-3.97648479079
7.065506,9.59067057743,0.0629887005198,0.761328957422,9.11474766763,-0.866370670294,-4.00486177154,9.45629692517,-0.166649031918,-2.9948905588
7.067172,10.6373387975,0.482878211769,-2.25303574439,8.97860504192,-0.404922773625,-3.09724426683,9.99193801192,0.348233100493,-4.37732141453
7.068838,11.1766004674,0.692822967394,-3.02430647821,10.158507798,0.102669912711,-0.235980083235,10.5989979102,0.495342281181,-4.77815803827
7.070504,11.2494121697,0.62210473392,-1.30717937168,11.3837914294,-0.0357644562901,-0.462884459412,10.9560919681,0.201123919804,-3.104209638
7.07217,11.0332524286,0.131496989197,-0.710494276747,10.6576974256,-0.312633194291,-0.916693211766,11.0275107796,-0.644753869157,1.26627604925
7.073836,10.7806868363,-0.359110755526,-0.604416926537,10.929982677,-0.681791511626,-1.00745496224,11.2417672143,-1.08608141122,4.14501180156
7.075502,10.7806868363,-0.710491978098,0.270721212699,11.1568870532,-1.2816737773,1.26158879953,11.1703484028,-1.34352247743,2.25014776207
7.077168,10.9604407263,-0.394469872263,0.657461552008,11.6560766808,-0.820225880627,1.39773142524,11.2774766201,-1.1228587064,-0.844948667829
7.078834,10.8534985386,-0.217674288579,-0.149168298551,10.8392209266,-0.589501932292,0.21782866912,10.8489637507,-0.681531164329,-2.12033792518
7.0805,10.6009329464,-0.113806883164,-3.02430647821,9.38703291904,-0.820225880627,-0.372122708941,9.99193801192,-0.240203622263,-0.553431123291
7.082166,10.6373387975,0.0629887005198,-3.2011020619,9.11474766763,-0.543357142626,0.490113920532,9.70626276566,0.201123919804,-2.19321731132
7.083832,10.7078751341,0.237574339408,-1.4110467771,9.65931817045,-0.312633194291,1.94230192807,9.88480979457,0.237901214976,-3.97648479079
7.085498,10.491715393,0.0961378724605,0.551384201797,10.1131269228,-0.589501932292,1.94230192807,10.313322664,-0.0195398512296,-4.1951229492
7.087164,10.2755556519,-0.288392522052,0.551384201797,10.0677460476,-0.77408109096,1.67001667665,10.4204508813,-0.497644688468,-1.24578529157
7.08883,9.95245372306,-0.498337277677,-0.359113054175,9.3416520438,-1.23552898763,1.94230192807,10.0276474177,-1.04930411605,1.19339666312
7.090496,9.95245372306,-0.359110755526,0.0961355738109,9.16012854286,-1.00480503929,3.30372818513,9.84910038879,-0.828640345018,2.83318285114
7.092162,9.80683031853,-0.253033405315,0.657461552008,9.25089029333,-1.09709461863,4.66515444219,9.70626276566,-0.571199278813,1.22983635619
7.093828,9.66348227969,-0.184525116638,0.938124541106,8.16174928768,-0.958660249627,6.07196157449,9.34916870782,-0.203426327091,1.63067297993
7.095494,9.41091668746,-0.149165999901,0.412157679646,8.88784329145,-0.451067563292,4.34748831554,9.1706216789,0.237901214976,2.61454469274
7.09716,9.15835109522,-0.0430886496906,1.35801405236,8.84246241621,-0.312633194291,0.717018296709,8.73987697164,0.421787690837,1.37559512845
7.098826,8.94219135412,0.131496989197,2.30608036986,8.11636841245,-0.635646721959,-1.68816809077,8.56132994272,0.201123919804,-1.35510437077
7.100492,8.97859720525,0.0629887005198,1.53480963604,7.7510523668,-1.23552898763,-2.50729288877,8.73987697164,-0.203426327091,-3.28413062252
7.102158,9.26756864862,-0.184525116638,0.0961355738109,8.29789191339,-1.2816737773,0.0816860434134,9.09920286734,-0.497644688468,-2.81269209346
7.103824,9.87964202079,-0.288392522052,-0.675135160011,9.52317554475,-0.681791511626,1.35235055001,9.49200633095,-0.718308459502,-2.30253639052
7.10549,10.5281212441,-0.113806883164,-0.571267754596,10.0677460476,-0.589501932292,-0.0998374575283,9.95622860614,-0.460867393296,-1.3186646777
7.107156,11.1766004674,-0.113806883164,0.796688074159,9.79546079616,-0.912515459961,-1.5974063403,10.4918696929,-0.35053550778,-2.04745853905
7.108822,11.4291660597,-0.288392522052,1.04199194652,10.158507798,-0.958660249627,0.353971294826,10.8489637507,-0.313758212607,-1.61018222224
7.110488,11.2858180208,-0.394469872263,1.35801405236,10.6576974256,-0.866370670294,0.0816860434134,11.0275107796,-0.240203622263,-0.225473885686
7.112154,10.9240348752,-0.359110755526,1.35801405236,11.0207444275,-0.77408109096,-1.14359758794,10.8489637507,-0.276980917435,1.15695697005
7.11382,10.8534985386,-0.217674288579,2.02541738076,11.2930296789,-0.635646721959,-2.64343551447,10.7418355334,-0.276980917435,0.539759668725
7.115486,10.8899043897,-0.184525116638,2.09392566944,10.340031299,-1.00480503929,-2.46191201353,10.8846731565,-0.387312802952,-0.44411204409
7.117152,11.1060641308,-0.217674288579,0.902765424369,9.61393729522,-0.635646721959,2.84991943277,11.1703484028,-0.497644688468,-1.02714713317
7.118818,11.142469982,-0.394469872263,-0.885079915635,10.6123165504,-0.727936301293,2.71377680707,10.9918013739,-0.644753869157,-1.75594099451
7.120484,10.9968465774,-0.288392522052,-2.67513520044,10.4307930495,-0.635646721959,1.94230192807,10.4204508813,-0.791863049846,-3.104209638
7.12215,10.491715393,-0.323751638789,-2.21767662765,10.0223651723,-1.00480503929,0.21782866912,9.70626276566,-0.755085754674,-4.23156264226
7.123816,10.132207613,-0.46297816094,-1.69170976619,9.3416520438,-1.4201081463,-0.962074087001,9.56342514252,-0.607976573985,-3.39344970172
7.125482,9.98885957419,-0.498337277677,-0.078450065077,9.02398591716,-1.2816737773,0.127066918649,9.81339098301,-0.497644688468,-0.881388360896
7.127148,9.98885957419,-0.46297816094,1.88398091382,9.3416520438,-1.18938419796,0.943922672886,10.2776132582,-0.313758212607,1.9950699106
7.128814,9.95245372306,-0.394469872263,2.12928478618,9.38703291904,-0.958660249627,1.89692105283,9.92051920036,-0.387312802952,2.57810499967
7.13048,9.73629398196,-0.253033405315,0.412157679646,9.11474766763,-1.05094982896,3.80291781272,9.56342514252,-0.607976573985,3.16114008875
7.132146,9.55654009199,-0.323751638789,-1.55248324404,8.70631979051,-1.05094982896,4.57439269172,9.27774989625,-0.865417640191,3.74417517782
7.133812,9.52013424085,-0.46297816094,-2.21767662765,8.61555804004,-1.05094982896,4.75591619266,9.27774989625,-0.865417640191,3.37977824715
7.135478,9.80683031853,-0.288392522052,0.131494690548,9.2055094181,-0.77408109096,3.34910906036,9.56342514252,-0.644753869157,1.41203482152
7.137144,9.87964202079,-0.253033405315,1.11271017999,9.61393729522,-0.681791511626,1.30696967477,9.70626276566,-0.35053550778,-0.189034192619
7.13881,9.95245372306,-0.149165999901,1.11271017999,9.43241379427,-0.958660249627,0.0363051681779,9.81339098301,-0.166649031918,-1.24578529157
7.140476,10.132207613,-0.217674288579,0.938124541106,9.38703291904,-0.958660249627,-0.78055058606,9.74197217144,-0.0563171464019,-2.12033792518
7.142142,10.4575849075,-0.0784477664274,0.551384201797,9.70469904569,-0.727936301293,-1.23435933841,10.0276474177,-0.0563171464019,-2.73981270732
7.143808,10.8534985386,0.0961378724605,0.0961355738109,9.84084167139,-0.589501932292,-0.145218332764,10.313322664,-0.0930944415741,-3.97648479079
7.145474,10.9968465774,0.0629887005198,-0.991157265846,9.88622254663,-0.589501932292,1.03468442336,10.4561602871,-0.240203622263,-3.68496724626
7.14714,10.8899043897,0.166856105934,-0.955798149109,9.93160342186,-0.451067563292,1.30696967477,10.5275790987,-0.276980917435,-2.33897608359
7.148806,10.6737446486,0.166856105934,0.832047190896,10.2492695485,-0.358777983958,0.21782866912,10.4561602871,-0.240203622263,-0.189034192619
7.150472,10.3483673541,0.202215222671,2.37458865854,10.1131269228,-0.312633194291,-0.28136095847,10.4204508813,-0.0930944415741,0.721958134061
7.152138,10.2755556519,0.272933456145,2.37458865854,9.93160342186,-0.358777983958,0.0363051681779,10.3490320698,0.0540147391148,1.08407758392
7.153804,10.2414251664,0.202215222671,1.63867704145,9.70469904569,-0.404922773625,0.490113920532,10.2776132582,0.201123919804,0.21180243112
7.15547,10.2755556519,0.0629887005198,0.412157679646,9.61393729522,-0.404922773625,0.263209544355,10.0276474177,0.237901214976,-0.0432754203503
7.157136,10.3847732053,0.131496989197,-0.290604765498,9.52317554475,-0.312633194291,-0.78055058606,9.81339098301,0.237901214976,-1.17290590543
7.158802,10.4211790564,0.131496989197,-1.27182025494,9.16012854286,-0.635646721959,-0.78055058606,9.59913454831,0.0540147391148,-1.90169976678
7.160468,10.311961503,0.027629583783,-1.93701363856,8.93322416669,-0.681791511626,1.17082704906,9.70626276566,-0.240203622263,-2.22965700438
7.162134,10.1686134642,-0.0784477664274,-1.37789760515,9.52317554475,-0.681791511626,2.35072980518,9.84910038879,-0.387312802952,-1.93813945985
7.1638,9.95245372306,-0.00772953295382,-0.639776043274,9.79546079616,-0.497212352959,1.62463580142,9.92051920036,-0.497644688468,-0.917828053964
7.165466,9.80683031853,0.0961378724605,-0.359113054175,9.52317554475,-0.589501932292,0.943922672886,9.88480979457,-0.35053550778,-0.298353271821
7.167132,9.87964202079,0.0961378724605,-0.078450065077,9.38703291904,-0.635646721959,1.17082704906,9.77768157722,-0.166649031918,-0.298353271821
7.168798,9.95245372306,-0.00772953295382,0.0961355738109,9.2055094181,-0.589501932292,2.7591576823,9.70626276566,-0.0563171464019,-0.298353271821
7.170464,10.0229900596,-0.0430886496906,-0.184527415287,9.2055094181,-0.635646721959,3.03144293372,9.63484395409,-0.203426327091,0.21180243112
7.17213,9.95245372306,-0.184525116638,-0.290604765498,9.25089029333,-0.866370670294,2.12382542901,9.56342514252,-0.387312802952,0.138923044986
7.173796,9.87964202079,-0.323751638789,-1.02651638258,9.25089029333,-0.912515459961,1.35235055001,9.56342514252,-0.644753869157,-0.516991430224
7.175462,9.91604787193,-0.288392522052,-0.745853393484,9.47779466951,-0.958660249627,1.76077842712,9.81339098301,-0.865417640191,-1.93813945985
7.177128,9.95245372306,-0.323751638789,-0.219886532024,10.0677460476,-0.820225880627,1.53387405095,10.2419038524,-0.791863049846,-2.12033792518
7.178794,10.1686134642,-0.0430886496906,0.270721212699,10.158507798,-0.635646721959,0.943922672886,10.313322664,-0.644753869157,-1.90169976678
7.18046,10.2414251664,0.0961378724605,0.0607764570741,10.1131269228,-0.497212352959,-0.0998374575283,10.1704850408,-0.387312802952,-1.4279837569
7.182126,10.2050193153,0.202215222671,0.131494690548,9.75007992092,-0.543357142626,-0.553646209883,9.88480979457,-0.240203622263,-1.35510437077
7.183792,10.2755556519,0.166856105934,-0.184527415287,9.75007992092,-0.497212352959,-0.28136095847,9.81339098301,-0.203426327091,-0.881388360896
7.185458,10.2414251664,0.0961378724605,0.270721212699,9.75007992092,-0.451067563292,0.127066918649,9.99193801192,-0.240203622263,0.394000896456
7.187124,10.1686134642,0.027629583783,1.32265493562,9.88622254663,-0.451067563292,0.535494795768,10.2061944466,-0.313758212607,1.59423328686
7.18879,10.0593959108,-0.00772953295382,2.16464390291,9.88622254663,-0.589501932292,0.490113920532,10.2776132582,-0.424090098124,2.39590653434
7.190456,10.0229900596,-0.0784477664274,2.37458865854,9.84084167139,-0.635646721959,0.671637421474,10.2776132582,-0.571199278813,2.213708069
7.192122,10.132207613,-0.00772953295382,1.95469914729,10.0223651723,-0.681791511626,0.444733045297,10.1704850408,-0.571199278813,1.55779359379
7.193788,10.2414251664,-0.00772953295382,0.832047190896,9.88622254663,-0.635646721959,0.490113920532,10.1704850408,-0.424090098124,-0.189034192619
7.195454,10.4211790564,0.027629583783,-0.604416926537,9.79546079616,-0.451067563292,0.80778004718,10.0276474177,-0.276980917435,-1.90169976678
7.19712,10.5645270952,0.166856105934,-1.23646113821,9.88622254663,-0.451067563292,0.626256546238,9.99193801192,-0.0563171464019,-3.24996841027
7.198786,10.5281212441,0.131496989197,-0.535908637859,9.93160342186,-0.543357142626,0.127066918649,10.1704850408,0.090792034287,-3.17708902413
7.200452,10.3483673541,0.0961378724605,0.832047190896,9.79546079616,-0.497212352959,0.21782866912,10.1704850408,0.0172374439426,-2.41185546972
7.202118,10.2414251664,-0.113806883164,1.11271017999,9.61393729522,-0.635646721959,0.80778004718,10.2061944466,-0.0930944415741,-1.35510437077
7.203784,10.0593959108,-0.253033405315,0.376798562909,9.43241379427,-0.866370670294,1.62463580142,9.92051920036,-0.387312802952,-1.13646621237
7.20545,9.87964202079,-0.217674288579,-0.535908637859,9.2055094181,-0.958660249627,1.9876828033,9.59913454831,-0.534421983641,-0.772069281695
7.207116,9.69988813082,-0.149165999901,-0.604416926537,9.16012854286,-0.866370670294,1.48849317571,9.42058751939,-0.534421983641,-0.0432754203503
7.208782,9.77269983309,-0.0430886496906,-0.184527415287,8.88784329145,-0.77408109096,1.85154017759,9.45629692517,-0.35053550778,1.04763789085
7.210448,9.95245372306,0.131496989197,0.376798562909,8.97860504192,-0.589501932292,2.39611068042,9.63484395409,-0.0930944415741,1.92219052446
7.212114,10.0229900596,0.166856105934,0.973483657843,9.2055094181,-0.497212352959,2.35072980518,9.81339098301,0.164346624631,1.8857508314
7.21378,10.0229900596,0.237574339408,1.28729581888,9.47779466951,-0.358777983958,1.35235055001,9.95622860614,0.201123919804,1.08407758392
7.215446,10.132207613,0.237574339408,0.973483657843,9.79546079616,-0.358777983958,0.127066918649,9.95622860614,0.127569329459,-0.371232657955
7.217112,10.311961503,0.131496989197,-0.113809181814,9.88622254663,-0.451067563292,-0.689788835589,10.0276474177,-0.0563171464019,-1.1000265193
7.218778,10.6373387975,0.166856105934,-0.710494276747,9.84084167139,-0.543357142626,-0.372122708941,10.2776132582,-0.203426327091,-1.71950130144
7.220444,10.7442809852,0.0961378724605,-0.500549521123,10.2038886733,-0.404922773625,0.490113920532,10.4204508813,-0.240203622263,-2.01101884598
7.22211,10.7078751341,0.202215222671,0.306080329436,10.2492695485,-0.358777983958,0.762399171945,10.5632885045,-0.240203622263,-1.71950130144
7.223776,10.6737446486,0.272933456145,0.376798562909,10.2492695485,-0.266488404624,0.399352170061,10.5275790987,-0.203426327091,-1.28222498464
7.225442,10.5645270952,0.376800861559,0.412157679646,10.340031299,-0.174198825291,0.0816860434134,10.4918696929,-0.0563171464019,-1.13646621237
7.227108,10.5281212441,0.447519095032,0.728179785481,10.2946504237,-0.0819092459569,0.127066918649,10.4561602871,0.090792034287,-0.990707440098
7.228774,10.4211790564,0.412159978296,1.04199194652,10.2492695485,-0.128054035624,0.399352170061,10.4918696929,0.090792034287,-1.24578529157
7.23044,10.3847732053,0.343651689618,1.11271017999,10.0223651723,-0.220343614958,0.717018296709,10.4204508813,-0.0195398512296,-1.61018222224
7.232106,10.3483673541,0.272933456145,0.202212924021,9.88622254663,-0.358777983958,0.580875671003,10.1704850408,-0.166649031918,-1.35510437077
7.233772,10.2414251664,0.0961378724605,-0.920439032372,9.65931817045,-0.497212352959,0.671637421474,9.84910038879,-0.387312802952,-1.24578529157
7.235438,10.1686134642,0.0629887005198,-1.130383788,9.29627116857,-0.77408109096,1.44311230048,9.81339098301,-0.644753869157,-1.71950130144
7.237104,9.98885957419,-0.113806883164,-0.851930743695,9.43241379427,-0.77408109096,2.25996805471,9.84910038879,-0.718308459502,-1.64662191531
7.23877,9.77269983309,-0.149165999901,-0.639776043274,9.56855641998,-0.681791511626,2.21458717948,9.84910038879,-0.644753869157,-0.772069281695
7.240436,9.66348227969,0.0629887005198,-0.535908637859,9.29627116857,-0.635646721959,1.9876828033,9.67055335987,-0.497644688468,0.466880282591
7.242102,9.48372838972,0.0961378724605,0.131494690548,9.16012854286,-0.589501932292,1.9876828033,9.56342514252,-0.240203622263,1.70355236606
7.243768,9.55654009199,0.166856105934,0.480665968324,9.2055094181,-0.451067563292,2.44149155566,9.56342514252,-0.166649031918,1.92219052446
7.245434,9.69988813082,0.166856105934,0.447516796383,9.25089029333,-0.404922773625,2.94068118325,9.63484395409,-0.203426327091,1.73999205913
7.2471,9.87964202079,0.166856105934,-0.184527415287,9.43241379427,-0.451067563292,2.89530030801,9.74197217144,-0.313758212607,1.77643175219
7.248766,10.0958017619,0.131496989197,-0.885079915635,9.65931817045,-0.497212352959,2.80453855754,9.99193801192,-0.424090098124,1.41203482152
7.250432,10.2414251664,0.0961378724605,-0.078450065077,9.84084167139,-0.497212352959,2.6230150566,10.2776132582,-0.460867393296,0.576199361793
7.252098,10.491715393,0.166856105934,0.622102435271,10.4307930495,-0.358777983958,2.03306367854,10.5275790987,-0.276980917435,0.0296039657842
7.253764,10.6009329464,0.272933456145,0.692820668744,10.5215547999,-0.312633194291,1.48849317571,10.6704167218,-0.203426327091,-0.808508974762
7.25543,10.8170926875,0.272933456145,0.306080329436,10.3854121742,-0.266488404624,1.03468442336,10.5989979102,0.0172374439426,-1.97457915291
7.257096,10.7442809852,0.308292572881,-0.255245648761,10.2946504237,-0.266488404624,-0.145218332764,10.4918696929,0.164346624631,-2.59405393506
7.258762,10.7442809852,0.482878211769,-0.149168298551,10.158507798,-0.220343614958,-0.962074087001,10.4204508813,0.201123919804,-2.59405393506
7.260428,10.7078751341,0.412159978296,0.235362095962,9.93160342186,-0.266488404624,-0.825931461295,10.3847414755,0.201123919804,-2.04745853905
7.262094,10.6373387975,0.376800861559,0.761328957422,9.9769842971,-0.220343614958,0.172447793884,10.4918696929,0.164346624631,-0.954267747031
7.26376,10.5281212441,0.237574339408,1.25414664694,10.0223651723,-0.266488404624,0.535494795768,10.5275790987,0.0540147391148,-0.00683572728303
7.265426,10.3847732053,0.202215222671,1.39337316909,9.93160342186,-0.312633194291,0.0816860434134,10.3490320698,-0.0563171464019,0.248242124188
7.267092,10.2755556519,0.237574339408,0.973483657843,9.93160342186,-0.358777983958,-0.644407960353,10.1704850408,-0.0930944415741,0.284681817255
7.268758,10.311961503,0.202215222671,0.551384201797,9.70469904569,-0.451067563292,-0.689788835589,9.99193801192,0.0172374439426,-0.00683572728303
7.270424,10.4211790564,0.237574339408,0.412157679646,9.61393729522,-0.312633194291,0.399352170061,9.99193801192,0.127569329459,-0.371232657955
7.27209,10.4575849075,0.308292572881,0.728179785481,9.65931817045,-0.266488404624,0.399352170061,9.99193801192,0.31145580532,-0.298353271821
7.273756,10.311961503,0.308292572881,0.938124541106,9.43241379427,-0.358777983958,0.127066918649,9.92051920036,0.348233100493,-0.334792964888
7.275422,10.1686134642,0.272933456145,1.00884277458,9.3416520438,-0.404922773625,0.172447793884,9.84910038879,0.237901214976,-0.735629588627
7.277088,10.2414251664,0.166856105934,0.412157679646,9.29627116857,-0.543357142626,0.671637421474,9.84910038879,0.0540147391148,-1.06358682623
7.278754,10.0958017619,-0.00772953295382,-0.0453008931363,9.25089029333,-0.635646721959,1.39773142524,9.88480979457,-0.166649031918,-1.39154406384
7.28042,10.2414251664,0.027629583783,-0.0099417763995,9.38703291904,-0.681791511626,1.94230192807,9.88480979457,-0.276980917435,-1.28222498464
7.282086,10.2050193153,-0.0430886496906,0.131494690548,9.61393729522,-0.589501932292,2.12382542901,9.92051920036,-0.240203622263,-0.881388360896
7.283752,10.2755556519,0.027629583783,0.166853807284,9.56855641998,-0.589501932292,2.21458717948,9.92051920036,-0.166649031918,-0.261913578754
7.285418,10.311961503,0.0961378724605,0.270721212699,9.52317554475,-0.543357142626,2.25996805471,9.99193801192,0.0172374439426,0.102483351919
7.287084,10.3847732053,0.131496989197,0.51602508506,9.56855641998,-0.497212352959,2.07844455377,10.2061944466,0.090792034287,-0.00683572728303
7.28875,10.3847732053,0.131496989197,0.551384201797,9.65931817045,-0.543357142626,1.85154017759,10.313322664,0.0172374439426,-0.334792964888
7.290416,10.311961503,0.0629887005198,-0.0099417763995,9.70469904569,-0.543357142626,1.76077842712,10.2776132582,-0.129871736746,-0.626310509426
7.292082,10.2414251664,0.0629887005198,-0.535908637859,9.79546079616,-0.589501932292,1.26158879953,10.0276474177,-0.276980917435,-0.589870816359
7.293748,10.2414251664,-0.00772953295382,-0.639776043274,9.65931817045,-0.635646721959,0.898541797651,9.92051920036,-0.387312802952,-0.589870816359
7.295414,10.2755556519,-0.0430886496906,-0.571267754596,9.61393729522,-0.681791511626,0.989303548122,9.92051920036,-0.424090098124,-0.735629588627
7.29708,10.3847732053,-0.00772953295382,-0.535908637859,9.65931817045,-0.635646721959,1.03468442336,9.95622860614,-0.460867393296,-0.808508974762
7.298746,10.2414251664,-0.00772953295382,-0.710494276747,9.70469904569,-0.589501932292,0.762399171945,9.92051920036,-0.35053550778,-0.772069281695
7.300412,10.132207613,0.0629887005198,-0.290604765498,9.75007992092,-0.589501932292,0.172447793884,10.0276474177,-0.276980917435,-0.480551737157
7.302078,10.2755556519,0.131496989197,0.166853807284,9.9769842971,-0.404922773625,-0.0544565822929,10.2061944466,-0.203426327091,-0.189034192619
7.303744,10.3483673541,0.0629887005198,0.376798562909,9.93160342186,-0.451067563292,0.263209544355,10.313322664,-0.129871736746,-0.334792964888
7.30541,10.5645270952,0.131496989197,0.0961355738109,10.0223651723,-0.404922773625,0.671637421474,10.4204508813,-0.166649031918,-0.589870816359
7.307076,10.6009329464,0.0961378724605,-0.325963882235,10.1131269228,-0.451067563292,0.490113920532,10.4204508813,-0.240203622263,-1.06358682623
7.308742,10.6373387975,0.131496989197,-0.325963882235,10.1131269228,-0.404922773625,0.30859041959,10.3847414755,-0.240203622263,-1.46442344997
7.310408,10.6373387975,0.0961378724605,-0.429831287649,10.0223651723,-0.497212352959,0.626256546238,10.4204508813,-0.276980917435,-1.53730283611
7.312074,10.5645270952,0.0961378724605,-0.359113054175,9.9769842971,-0.543357142626,1.39773142524,10.3847414755,-0.240203622263,-1.53730283611
7.31374,10.491715393,0.131496989197,0.0254173403373,9.84084167139,-0.543357142626,1.80615930236,10.3847414755,-0.166649031918,-1.3186646777
7.315406,10.311961503,0.131496989197,0.657461552008,9.75007992092,-0.497212352959,1.48849317571,10.0276474177,-0.0563171464019,-0.954267747031
7.317072,10.0958017619,0.131496989197,0.761328957422,9.61393729522,-0.451067563292,1.03468442336,9.84910038879,-0.0563171464019,-0.407672351022
7.318738,10.0593959108,0.202215222671,0.412157679646,9.29627116857,-0.543357142626,1.26158879953,9.70626276566,-0.0930944415741,-0.00683572728303
7.320404,9.95245372306,0.0629887005198,0.0254173403373,9.16012854286,-0.635646721959,1.9876828033,9.63484395409,-0.166649031918,0.430440589524
7.32207,9.87964202079,-0.0430886496906,0.0961355738109,9.11474766763,-0.635646721959,2.6230150566,9.74197217144,-0.240203622263,0.901879118581
7.323736,9.98885957419,0.0629887005198,0.622102435271,9.2055094181,-0.635646721959,2.6230150566,9.84910038879,-0.240203622263,1.33915543539
7.325402,9.95245372306,-0.00772953295382,0.657461552008,9.3416520438,-0.681791511626,2.16920630424,9.88480979457,-0.203426327091,1.48491420766
7.327068,10.0593959108,-0.00772953295382,0.586743318534,9.47779466951,-0.589501932292,1.62463580142,9.84910038879,-0.203426327091,1.01119819778
7.328734,10.132207613,-0.00772953295382,0.480665968324,9.61393729522,-0.589501932292,1.03468442336,9.84910038879,-0.0930944415741,0.0296039657842
7.3304,10.2050193153,0.0629887005198,0.270721212699,9.70469904569,-0.543357142626,0.490113920532,9.88480979457,-0.0563171464019,-0.844948667829
7.332066,10.2755556519,0.0961378724605,-0.0099417763995,9.61393729522,-0.497212352959,0.0816860434134,9.88480979457,-0.0563171464019,-1.50086314304
7.333732,10.3483673541,0.131496989197,0.0961355738109,9.75007992092,-0.451067563292,-0.00907570705749,9.95622860614,-0.0563171464019,-1.68306160838
7.335398,10.4575849075,0.131496989197,0.235362095962,9.9769842971,-0.312633194291,0.0816860434134,10.2419038524,-0.0563171464019,-1.75594099451
7.337064,10.6009329464,0.131496989197,0.51602508506,9.9769842971,-0.451067563292,0.0363051681779,10.3490320698,-0.0930944415741,-1.75594099451
7.33873,10.6737446486,0.131496989197,0.51602508506,10.1131269228,-0.451067563292,0.0363051681779,10.4561602871,-0.166649031918,-1.68306160838
7.340396,10.7078751341,0.202215222671,0.551384201797,10.2946504237,-0.451067563292,-0.235980083235,10.4561602871,-0.203426327091,-1.82882038064
7.342062,10.7078751341,0.0961378724605,0.551384201797,10.340031299,-0.451067563292,-0.508265334647,10.4918696929,-0.240203622263,-1.71950130144
7.343728,10.7078751341,0.027629583783,0.480665968324,10.2946504237,-0.497212352959,-0.417503584176,10.5275790987,-0.203426327091,-1.3186646777
7.345394,10.7442809852,0.0961378724605,0.551384201797,10.340031299,-0.404922773625,-0.0544565822929,10.5632885045,-0.129871736746,-0.917828053964
7.34706,10.6373387975,0.0961378724605,0.657461552008,10.158507798,-0.497212352959,0.263209544355,10.5275790987,-0.0930944415741,-0.735629588627
7.348726,10.491715393,0.0961378724605,0.586743318534,9.9769842971,-0.497212352959,0.30859041959,10.3847414755,-0.166649031918,-0.772069281695
7.350392,10.2755556519,0.0629887005198,0.166853807284,9.75007992092,-0.635646721959,0.263209544355,10.2061944466,-0.276980917435,-0.735629588627
7.352058,10.132207613,-0.00772953295382,-0.255245648761,9.52317554475,-0.727936301293,0.671637421474,9.88480979457,-0.497644688468,-0.480551737157
7.353724,9.98885957419,-0.113806883164,-0.325963882235,9.47779466951,-0.77408109096,1.2162079243,9.84910038879,-0.534421983641,-0.152594499552
7.35539,9.95245372306,-0.149165999901,0.0254173403373,9.52317554475,-0.727936301293,1.76077842712,9.84910038879,-0.534421983641,0.175362738053
7.357056,9.91604787193,-0.149165999901,0.270721212699,9.52317554475,-0.727936301293,1.9876828033,9.81339098301,-0.534421983641,0.394000896456
7.358722,9.98885957419,-0.113806883164,0.306080329436,9.43241379427,-0.77408109096,1.94230192807,9.77768157722,-0.424090098124,0.576199361793
7.360388,10.0229900596,-0.149165999901,0.0961355738109,9.43241379427,-0.77408109096,1.89692105283,9.77768157722,-0.387312802952,0.539759668725
7.362054,10.132207613,-0.0784477664274,-0.0099417763995,9.43241379427,-0.820225880627,1.9876828033,9.84910038879,-0.424090098124,0.394000896456
7.36372,10.132207613,-0.149165999901,-0.0453008931363,9.47779466951,-0.820225880627,2.16920630424,9.95622860614,-0.460867393296,0.0660436588514
7.365386,10.0958017619,-0.184525116638,0.131494690548,9.70469904569,-0.77408109096,2.16920630424,10.0276474177,-0.497644688468,-0.261913578754
7.367052,10.2050193153,-0.0784477664274,0.202212924021,9.75007992092,-0.77408109096,1.85154017759,10.1704850408,-0.497644688468,-0.407672351022
7.368718,10.2050193153,-0.0784477664274,0.0254173403373,9.79546079616,-0.681791511626,1.48849317571,10.0276474177,-0.424090098124,-0.662750202493
7.370384,10.2755556519,-0.00772953295382,-0.0099417763995,9.79546079616,-0.589501932292,1.2162079243,9.99193801192,-0.35053550778,-1.02714713317
7.37205,10.2755556519,0.027629583783,-0.078450065077,9.79546079616,-0.543357142626,0.853160922416,9.95622860614,-0.276980917435,-1.4279837569
7.373716,10.2050193153,0.0629887005198,-0.0453008931363,9.70469904569,-0.543357142626,0.717018296709,9.92051920036,-0.203426327091,-1.61018222224
7.375382,10.2050193153,0.0629887005198,0.235362095962,9.61393729522,-0.543357142626,0.399352170061,9.88480979457,-0.0930944415741,-1.28222498464
7.377048,10.2414251664,0.0629887005198,0.480665968324,9.65931817045,-0.543357142626,0.21782866912,9.92051920036,-0.0930944415741,-0.735629588627
7.378714,10.311961503,0.027629583783,0.657461552008,9.52317554475,-0.635646721959,0.0363051681779,9.99193801192,-0.0930944415741,-0.225473885686
7.38038,10.3847732053,0.0629887005198,0.622102435271,9.52317554475,-0.635646721959,0.263209544355,9.95622860614,-0.129871736746,-0.0797151134175
7.382046,10.3847732053,0.027629583783,0.51602508506,9.56855641998,-0.635646721959,0.444733045297,10.0276474177,-0.166649031918,-0.00683572728303
7.383712,10.3847732053,0.027629583783,0.270721212699,9.70469904569,-0.543357142626,0.444733045297,10.2419038524,-0.166649031918,0.21180243112
7.385378,10.491715393,0.0629887005198,0.131494690548,9.84084167139,-0.497212352959,0.30859041959,10.2776132582,-0.129871736746,0.21180243112
7.387044,10.4211790564,0.027629583783,0.235362095962,9.79546079616,-0.497212352959,0.172447793884,10.2061944466,-0.0563171464019,-0.0432754203503
7.38871,10.5281212441,0.131496989197,0.412157679646,9.84084167139,-0.497212352959,0.127066918649,10.2419038524,0.0172374439426,-0.626310509426
7.390376,10.4575849075,-0.00772953295382,0.376798562909,9.88622254663,-0.543357142626,-0.0998374575283,10.2419038524,-0.0195398512296,-1.02714713317
7.392042,10.4211790564,-0.00772953295382,-0.0099417763995,9.79546079616,-0.589501932292,-0.190599207999,10.0276474177,-0.0563171464019,-1.24578529157
7.393708,10.3483673541,-0.113806883164,-0.290604765498,9.70469904569,-0.589501932292,0.21782866912,9.95622860614,-0.203426327091,-1.53730283611
7.395374,10.4211790564,-0.0784477664274,-0.149168298551,9.70469904569,-0.727936301293,0.80778004718,10.0276474177,-0.276980917435,-1.71950130144
7.39704,10.4575849075,-0.184525116638,-0.149168298551,9.61393729522,-0.820225880627,1.44311230048,10.2419038524,-0.276980917435,-1.57374252917
7.398706,10.3847732053,-0.149165999901,-0.078450065077,9.56855641998,-0.820225880627,1.80615930236,10.2419038524,-0.35053550778,-1.35510437077
7.400372,10.3483673541,-0.149165999901,-0.078450065077,9.56855641998,-0.77408109096,1.94230192807,9.99193801192,-0.276980917435,-1.17290590543
7.402038,10.1686134642,-0.184525116638,-0.078450065077,9.47779466951,-0.77408109096,1.76077842712,9.84910038879,-0.276980917435,-0.917828053964
7.403704,10.0593959108,-0.184525116638,0.0607764570741,9.38703291904,-0.820225880627,1.35235055001,9.70626276566,-0.313758212607,-0.662750202493
7.40537,10.0229900596,-0.0784477664274,0.412157679646,9.25089029333,-0.820225880627,1.17082704906,9.70626276566,-0.276980917435,-0.553431123291
7.407036,9.91604787193,-0.184525116638,0.480665968324,9.16012854286,-0.866370670294,1.26158879953,9.63484395409,-0.313758212607,-0.334792964888
7.408702,9.77269983309,-0.217674288579,0.341439446172,9.11474766763,-0.866370670294,1.48849317571,9.59913454831,-0.35053550778,-0.0432754203503
7.410368,9.84323616966,-0.149165999901,0.270721212699,9.25089029333,-0.681791511626,1.35235055001,9.59913454831,-0.387312802952,0.175362738053
7.412034,9.84323616966,-0.149165999901,0.202212924021,9.11474766763,-0.727936301293,1.17082704906,9.59913454831,-0.387312802952,0.21180243112
7.4137,9.95245372306,-0.113806883164,0.166853807284,9.25089029333,-0.727936301293,1.12544617383,9.63484395409,-0.387312802952,-0.00683572728303
7.415366,10.0958017619,-0.00772953295382,0.235362095962,9.52317554475,-0.589501932292,0.717018296709,9.77768157722,-0.276980917435,-0.0797151134175
7.417032,10.2050193153,0.0629887005198,0.480665968324,9.65931817045,-0.589501932292,0.172447793884,9.92051920036,-0.203426327091,-0.0797151134175
7.418698,10.3847732053,0.0629887005198,0.761328957422,9.79546079616,-0.543357142626,-0.00907570705749,10.1704850408,-0.166649031918,-0.225473885686
7.420364,10.491715393,0.027629583783,0.973483657843,9.88622254663,-0.497212352959,0.172447793884,10.2776132582,-0.0930944415741,-0.480551737157
7.42203,10.6373387975,0.0629887005198,0.622102435271,10.0677460476,-0.451067563292,0.399352170061,10.3847414755,-0.129871736746,-0.735629588627
7.423696,10.8170926875,0.0629887005198,0.202212924021,9.9769842971,-0.589501932292,0.353971294826,10.4204508813,-0.240203622263,-1.24578529157
7.425362,10.6737446486,-0.00772953295382,-0.149168298551,9.9769842971,-0.635646721959,0.30859041959,10.3847414755,-0.276980917435,-1.75594099451
7.427028,10.5645270952,-0.0430886496906,-0.359113054175,9.9769842971,-0.635646721959,0.30859041959,10.3490320698,-0.276980917435,-1.93813945985
7.428694,10.6009329464,-0.00772953295382,-0.359113054175,9.88622254663,-0.635646721959,0.490113920532,10.313322664,-0.276980917435,-1.82882038064
7.43036,10.491715393,-0.113806883164,-0.255245648761,9.79546079616,-0.635646721959,0.717018296709,10.2776132582,-0.166649031918,-1.64662191531
7.432026,10.4211790564,0.027629583783,0.0607764570741,9.75007992092,-0.589501932292,0.671637421474,10.1704850408,-0.0563171464019,-1.17290590543
7.433692,10.2414251664,-0.00772953295382,0.0254173403373,9.56855641998,-0.589501932292,0.490113920532,9.92051920036,-0.0563171464019,-0.662750202493
7.435358,10.1686134642,0.0629887005198,-0.219886532024,9.29627116857,-0.635646721959,0.671637421474,9.84910038879,-0.0563171464019,-0.298353271821
7.437024,10.132207613,0.0629887005198,-0.394472170912,9.2055094181,-0.635646721959,1.39773142524,9.74197217144,-0.0930944415741,0.102483351919
7.43869,10.0593959108,-0.00772953295382,-0.325963882235,9.2055094181,-0.635646721959,1.85154017759,9.77768157722,-0.129871736746,0.61263905486
7.440356,10.0593959108,-0.00772953295382,0.0254173403373,9.25089029333,-0.635646721959,1.9876828033,9.74197217144,-0.166649031918,1.01119819778
7.442022,9.98885957419,0.0961378724605,0.341439446172,9.2055094181,-0.543357142626,1.89692105283,9.70626276566,-0.129871736746,0.974758504715
7.443688,9.87964202079,0.0961378724605,0.376798562909,9.25089029333,-0.589501932292,1.48849317571,9.63484395409,-0.0563171464019,0.61263905486
7.445354,9.91604787193,0.0629887005198,0.270721212699,9.2055094181,-0.543357142626,1.2162079243,9.63484395409,-0.0563171464019,-0.152594499552
7.44702,10.0593959108,0.166856105934,0.131494690548,9.38703291904,-0.404922773625,1.12544617383,9.70626276566,0.0172374439426,-0.772069281695
7.448686,10.0593959108,0.166856105934,0.166853807284,9.43241379427,-0.404922773625,0.80778004718,9.74197217144,0.090792034287,-1.24578529157
7.450352,10.2050193153,0.272933456145,0.376798562909,9.47779466951,-0.358777983958,0.762399171945,9.81339098301,0.090792034287,-1.50086314304
7.452018,10.2414251664,0.237574339408,0.412157679646,9.75007992092,-0.220343614958,0.80778004718,9.92051920036,0.0172374439426,-1.53730283611
7.453684,10.311961503,0.272933456145,0.447516796383,9.75007992092,-0.312633194291,0.717018296709,9.99193801192,-0.0563171464019,-1.46442344997
7.45535,10.3483673541,0.237574339408,0.412157679646,9.84084167139,-0.358777983958,0.580875671003,10.1704850408,-0.0930944415741,-1.46442344997
7.457016,10.311961503,0.237574339408,0.51602508506,9.93160342186,-0.312633194291,0.580875671003,10.1704850408,-0.166649031918,-1.24578529157
7.458682,10.2755556519,0.237574339408,0.586743318534,9.88622254663,-0.358777983958,0.490113920532,10.2419038524,-0.0930944415741,-0.990707440098
7.460348,10.2414251664,0.237574339408,0.657461552008,9.88622254663,-0.312633194291,0.580875671003,10.1704850408,-0.0930944415741,-0.735629588627
7.462014,10.2414251664,0.272933456145,0.51602508506,9.79546079616,-0.312633194291,0.490113920532,9.99193801192,-0.0563171464019,-0.480551737157
7.46368,10.2050193153,0.272933456145,0.270721212699,9.65931817045,-0.358777983958,0.444733045297,9.92051920036,-0.0563171464019,-0.407672351022
7.465346,10.132207613,0.166856105934,-0.078450065077,9.61393729522,-0.358777983958,0.535494795768,9.84910038879,-0.0930944415741,-0.589870816359
7.467012,10.132207613,0.237574339408,-0.255245648761,9.61393729522,-0.451067563292,0.717018296709,9.84910038879,-0.203426327091,-0.69918989556
7.468678,10.0958017619,0.131496989197,-0.359113054175,9.61393729522,-0.497212352959,0.762399171945,9.88480979457,-0.276980917435,-0.626310509426
7.470344,9.98885957419,0.027629583783,-0.255245648761,9.65931817045,-0.497212352959,0.943922672886,9.95622860614,-0.313758212607,-0.516991430224
7.47201,10.132207613,0.131496989197,-0.325963882235,9.70469904569,-0.497212352959,1.17082704906,9.95622860614,-0.35053550778,-0.334792964888
7.473676,10.132207613,0.0961378724605,-0.571267754596,9.70469904569,-0.497212352959,1.44311230048,9.99193801192,-0.240203622263,-0.407672351022
7.475342,10.2414251664,0.202215222671,-0.535908637859,9.70469904569,-0.451067563292,1.53387405095,9.99193801192,-0.166649031918,-0.553431123291
7.477008,10.2414251664,0.237574339408,-0.500549521123,9.75007992092,-0.404922773625,1.48849317571,10.0276474177,-0.0930944415741,-0.662750202493
7.478674,10.2414251664,0.272933456145,-0.290604765498,9.70469904569,-0.358777983958,1.44311230048,10.1704850408,-0.0563171464019,-0.553431123291
7.48034,10.2414251664,0.272933456145,-0.0453008931363,9.70469904569,-0.404922773625,1.53387405095,10.1704850408,-0.0563171464019,-0.44411204409
7.482006,10.2050193153,0.237574339408,0.202212924021,9.75007992092,-0.358777983958,1.62463580142,10.0276474177,-0.0930944415741,-0.44411204409
7.483672,10.2050193153,0.237574339408,0.341439446172,9.75007992092,-0.404922773625,1.53387405095,10.0276474177,-0.129871736746,-0.589870816359
7.485338,10.2414251664,0.237574339408,0.235362095962,9.70469904569,-0.404922773625,1.26158879953,9.99193801192,-0.166649031918,-0.808508974762
7.487004,10.2414251664,0.272933456145,0.0961355738109,9.65931817045,-0.451067563292,1.03468442336,9.92051920036,-0.129871736746,-0.808508974762
7.48867,10.132207613,0.237574339408,0.270721212699,9.61393729522,-0.358777983958,0.898541797651,9.92051920036,-0.0563171464019,-0.626310509426
7.490336,10.2414251664,0.343651689618,0.551384201797,9.61393729522,-0.312633194291,0.898541797651,9.95622860614,0.0172374439426,-0.334792964888
7.492002,10.132207613,0.343651689618,0.832047190896,9.61393729522,-0.266488404624,0.762399171945,9.99193801192,0.090792034287,-0.0432754203503
7.493668,10.1686134642,0.376800861559,1.11271017999,9.61393729522,-0.266488404624,0.490113920532,9.92051920036,0.127569329459,0.248242124188
7.495334,10.0958017619,0.376800861559,1.11271017999,9.61393729522,-0.220343614958,0.263209544355,9.92051920036,0.127569329459,0.357561203389
7.497,10.0958017619,0.343651689618,1.07735106326,9.61393729522,-0.266488404624,0.21782866912,9.88480979457,0.090792034287,0.248242124188
7.498666,10.132207613,0.343651689618,0.867406307632,9.61393729522,-0.312633194291,0.30859041959,9.92051920036,0.0540147391148,-0.00683572728303
7.500332,10.2050193153,0.343651689618,0.692820668744,9.61393729522,-0.312633194291,0.535494795768,9.92051920036,0.0172374439426,-0.225473885686
7.501998,10.2414251664,0.343651689618,0.51602508506,9.65931817045,-0.266488404624,0.671637421474,9.92051920036,0.0172374439426,-0.44411204409
7.503664,10.3483673541,0.412159978296,0.376798562909,9.65931817045,-0.266488404624,0.717018296709,9.92051920036,0.090792034287,-0.735629588627
7.50533,10.311961503,0.376800861559,0.341439446172,9.65931817045,-0.266488404624,0.580875671003,9.92051920036,0.127569329459,-1.13646621237
7.506996,10.2414251664,0.272933456145,0.270721212699,9.75007992092,-0.266488404624,0.490113920532,9.99193801192,0.127569329459,-1.4279837569
7.508662,10.3847732053,0.343651689618,0.131494690548,9.75007992092,-0.312633194291,0.535494795768,10.0276474177,0.127569329459,-1.50086314304
7.510328,10.311961503,0.237574339408,-0.078450065077,9.70469904569,-0.358777983958,0.762399171945,10.0276474177,0.0540147391148,-1.39154406384
7.511994,10.3483673541,0.202215222671,-0.290604765498,9.70469904569,-0.404922773625,1.08006529859,10.1704850408,-0.0195398512296,-1.02714713317
7.51366,10.311961503,0.131496989197,-0.465190404386,9.70469904569,-0.451067563292,1.53387405095,10.1704850408,-0.0930944415741,-0.69918989556
7.515326,10.311961503,0.131496989197,-0.429831287649,9.61393729522,-0.497212352959,1.80615930236,10.1704850408,-0.129871736746,-0.516991430224
7.516992,10.2755556519,0.131496989197,-0.394472170912,9.61393729522,-0.497212352959,1.80615930236,10.0276474177,-0.166649031918,-0.371232657955
7.518658,10.1686134642,0.0961378724605,-0.290604765498,9.56855641998,-0.497212352959,1.57925492618,9.95622860614,-0.166649031918,-0.298353271821
7.520324,10.0958017619,0.131496989197,-0.290604765498,9.52317554475,-0.497212352959,1.35235055001,9.88480979457,-0.129871736746,-0.298353271821
7.52199,10.132207613,0.202215222671,-0.255245648761,9.52317554475,-0.451067563292,1.30696967477,9.81339098301,-0.0930944415741,-0.298353271821
7.523656,10.0593959108,0.166856105934,-0.149168298551,9.52317554475,-0.451067563292,1.30696967477,9.84910038879,-0.129871736746,-0.407672351022
7.525322,9.98885957419,0.202215222671,-0.0453008931363,9.52317554475,-0.451067563292,1.2162079243,9.84910038879,-0.166649031918,-0.516991430224
7.526988,10.132207613,0.166856105934,-0.113809181814,9.56855641998,-0.451067563292,1.08006529859,9.88480979457,-0.203426327091,-0.69918989556
7.528654,10.132207613,0.0961378724605,-0.255245648761,9.61393729522,-0.497212352959,0.989303548122,9.92051920036,-0.240203622263,-0.772069281695
7.53032,10.2050193153,0.131496989197,-0.149168298551,9.65931817045,-0.497212352959,1.03468442336,9.95622860614,-0.240203622263,-0.844948667829
7.531986,10.2414251664,0.131496989197,0.0254173403373,9.75007992092,-0.451067563292,0.989303548122,10.0276474177,-0.240203622263,-0.844948667829
7.533652,10.2414251664,0.202215222671,0.480665968324,9.84084167139,-0.358777983958,0.80778004718,10.0633568235,-0.166649031918,-0.772069281695
7.535318,10.2755556519,0.272933456145,0.657461552008,9.79546079616,-0.358777983958,0.580875671003,10.1704850408,-0.0930944415741,-0.772069281695
7.536984,10.2414251664,0.272933456145,0.551384201797,9.79546079616,-0.312633194291,0.535494795768,10.0276474177,-0.0195398512296,-0.808508974762
7.53865,10.2755556519,0.343651689618,0.341439446172,9.79546079616,-0.266488404624,0.671637421474,10.0276474177,0.0172374439426,-0.917828053964
7.540316,10.3483673541,0.376800861559,0.235362095962,9.70469904569,-0.312633194291,0.762399171945,9.99193801192,-0.0195398512296,-0.954267747031
7.541982,10.2755556519,0.272933456145,0.270721212699,9.65931817045,-0.358777983958,0.898541797651,9.99193801192,-0.0563171464019,-0.881388360896
7.543648,10.2414251664,0.272933456145,0.270721212699,9.70469904569,-0.312633194291,1.12544617383,9.99193801192,-0.0930944415741,-0.662750202493
7.545314,10.2414251664,0.237574339408,0.131494690548,9.61393729522,-0.451067563292,1.17082704906,9.95622860614,-0.0930944415741,-0.44411204409
7.54698,10.132207613,0.0961378724605,0.131494690548,9.56855641998,-0.451067563292,1.12544617383,9.95622860614,-0.0563171464019,-0.298353271821
7.548646,10.2050193153,0.166856105934,0.235362095962,9.52317554475,-0.497212352959,1.08006529859,9.88480979457,-0.0563171464019,-0.189034192619
7.550312,10.132207613,0.131496989197,0.131494690548,9.47779466951,-0.451067563292,1.17082704906,9.88480979457,-0.0195398512296,-0.00683572728303
7.551978,10.1686134642,0.166856105934,0.0254173403373,9.43241379427,-0.497212352959,1.35235055001,9.84910038879,0.0172374439426,0.138923044986
7.553644,10.2050193153,0.166856105934,-0.0099417763995,9.43241379427,-0.497212352959,1.48849317571,9.88480979457,-0.0195398512296,0.175362738053
7.55531,10.2050193153,0.131496989197,0.0254173403373,9.47779466951,-0.497212352959,1.44311230048,9.92051920036,-0.0195398512296,0.0660436588514
7.556976,10.2414251664,0.131496989197,0.0961355738109,9.56855641998,-0.497212352959,1.30696967477,9.92051920036,-0.0563171464019,-0.189034192619
7.558642,10.3847732053,0.202215222671,-0.0099417763995,9.56855641998,-0.497212352959,1.12544617383,9.99193801192,-0.0563171464019,-0.480551737157
7.560308,10.3847732053,0.131496989197,-0.0453008931363,9.70469904569,-0.497212352959,0.943922672886,10.1704850408,-0.0563171464019,-0.772069281695
7.561974,10.4211790564,0.237574339408,0.166853807284,9.84084167139,-0.404922773625,0.80778004718,10.1704850408,-0.0195398512296,-0.917828053964
7.56364,10.491715393,0.237574339408,0.202212924021,9.93160342186,-0.312633194291,0.671637421474,10.2419038524,0.0172374439426,-0.990707440098
7.565306,10.4575849075,0.166856105934,0.235362095962,9.88622254663,-0.358777983958,0.535494795768,10.2776132582,0.0540147391148,-0.954267747031
7.566972,10.5281212441,0.272933456145,0.480665968324,9.88622254663,-0.358777983958,0.490113920532,10.2776132582,0.090792034287,-0.917828053964
7.568638,10.491715393,0.237574339408,0.586743318534,9.93160342186,-0.358777983958,0.490113920532,10.313322664,0.0540147391148,-0.808508974762
7.570304,10.4211790564,0.237574339408,0.692820668744,9.88622254663,-0.358777983958,0.444733045297,10.2776132582,0.0172374439426,-0.69918989556
7.57197,10.3847732053,0.202215222671,0.657461552008,9.84084167139,-0.404922773625,0.399352170061,10.2419038524,-0.0563171464019,-0.553431123291
7.573636,10.2755556519,0.131496989197,0.622102435271,9.79546079616,-0.404922773625,0.444733045297,10.1704850408,-0.129871736746,-0.589870816359
7.575302,10.2755556519,0.166856105934,0.551384201797,9.75007992092,-0.451067563292,0.535494795768,10.0276474177,-0.166649031918,-0.589870816359
7.576968,10.2050193153,0.131496989197,0.412157679646,9.65931817045,-0.451067563292,0.580875671003,9.95622860614,-0.166649031918,-0.69918989556
7.578634,10.2050193153,0.166856105934,0.341439446172,9.65931817045,-0.451067563292,0.580875671003,9.88480979457,-0.166649031918,-0.772069281695
7.5803,10.2414251664,0.237574339408,0.306080329436,9.56855641998,-0.497212352959,0.626256546238,9.88480979457,-0.166649031918,-0.772069281695
7.581966,10.1686134642,0.0961378724605,0.131494690548,9.56855641998,-0.543357142626,0.80778004718,9.92051920036,-0.240203622263,-0.808508974762
7.583632,10.0593959108,-0.00772953295382,-0.0453008931363,9.61393729522,-0.543357142626,1.03468442336,9.92051920036,-0.240203622263,-0.772069281695
7.585298,10.132207613,0.0629887005198,-0.113809181814,9.61393729522,-0.589501932292,1.2162079243,9.92051920036,-0.35053550778,-0.662750202493
7.586964,10.0958017619,-0.0430886496906,-0.255245648761,9.65931817045,-0.635646721959,1.39773142524,9.95622860614,-0.387312802952,-0.516991430224
7.58863,10.2050193153,-0.0430886496906,-0.219886532024,9.65931817045,-0.681791511626,1.62463580142,9.99193801192,-0.387312802952,-0.334792964888
7.590296,10.1686134642,-0.113806883164,-0.290604765498,9.61393729522,-0.681791511626,1.85154017759,10.0276474177,-0.387312802952,-0.261913578754
7.591962,10.2414251664,-0.0784477664274,-0.255245648761,9.65931817045,-0.635646721959,1.94230192807,10.0276474177,-0.387312802952,-0.298353271821
7.593628,10.2755556519,-0.0430886496906,-0.290604765498,9.70469904569,-0.635646721959,1.80615930236,10.1704850408,-0.35053550778,-0.334792964888
7.595294,10.311961503,-0.00772953295382,-0.255245648761,9.75007992092,-0.635646721959,1.67001667665,10.1704850408,-0.313758212607,-0.44411204409
7.59696,10.311961503,-0.00772953295382,-0.149168298551,9.84084167139,-0.589501932292,1.53387405095,10.2061944466,-0.276980917435,-0.516991430224
7.598626,10.3483673541,0.027629583783,-0.113809181814,9.84084167139,-0.589501932292,1.35235055001,10.2776132582,-0.276980917435,-0.626310509426
7.600292,10.4211790564,0.0629887005198,-0.078450065077,9.93160342186,-0.543357142626,1.2162079243,10.2776132582,-0.276980917435,-0.772069281695
7.601958,10.491715393,0.0961378724605,-0.078450065077,10.0677460476,-0.404922773625,1.12544617383,10.313322664,-0.240203622263,-0.772069281695
7.603624,10.4211790564,0.0961378724605,-0.0099417763995,10.0223651723,-0.451067563292,0.989303548122,10.2776132582,-0.276980917435,-0.735629588627
7.60529,10.311961503,0.0961378724605,0.131494690548,9.9769842971,-0.451067563292,0.853160922416,10.2776132582,-0.240203622263,-0.553431123291
7.606956,10.3847732053,0.131496989197,0.376798562909,9.88622254663,-0.497212352959,0.626256546238,10.2419038524,-0.203426327091,-0.480551737157
7.608622,10.2755556519,0.0629887005198,0.480665968324,9.88622254663,-0.497212352959,0.490113920532,10.2776132582,-0.166649031918,-0.371232657955
7.610288,10.311961503,0.131496989197,0.657461552008,9.84084167139,-0.497212352959,0.263209544355,10.1704850408,-0.166649031918,-0.298353271821
7.611954,10.2414251664,0.0629887005198,0.657461552008,9.75007992092,-0.543357142626,0.127066918649,10.0276474177,-0.203426327091,-0.298353271821
7.61362,10.2414251664,0.0629887005198,0.657461552008,9.75007992092,-0.543357142626,0.21782866912,9.99193801192,-0.203426327091,-0.298353271821
7.615286,10.311961503,0.0629887005198,0.551384201797,9.79546079616,-0.543357142626,0.490113920532,10.0276474177,-0.240203622263,-0.44411204409
7.616952,10.311961503,0.027629583783,0.51602508506,9.88622254663,-0.497212352959,0.671637421474,10.1704850408,-0.240203622263,-0.516991430224
7.618618,10.3847732053,0.027629583783,0.412157679646,9.84084167139,-0.497212352959,0.762399171945,10.2061944466,-0.276980917435,-0.553431123291
7.620284,10.3847732053,-0.00772953295382,0.480665968324,9.88622254663,-0.497212352959,0.80778004718,10.2061944466,-0.240203622263,-0.626310509426
7.62195,10.3847732053,-0.00772953295382,0.412157679646,9.84084167139,-0.589501932292,0.80778004718,10.2061944466,-0.240203622263,-0.662750202493
7.623616,10.4575849075,0.0629887005198,0.447516796383,9.84084167139,-0.635646721959,0.898541797651,10.1704850408,-0.276980917435,-0.662750202493
7.625282,10.3847732053,-0.0430886496906,0.412157679646,9.79546079616,-0.681791511626,1.03468442336,10.2061944466,-0.313758212607,-0.626310509426
7.626948,10.2414251664,-0.113806883164,0.412157679646,9.75007992092,-0.727936301293,1.17082704906,10.2061944466,-0.313758212607,-0.480551737157
7.628614,10.311961503,-0.113806883164,0.235362095962,9.70469904569,-0.727936301293,1.39773142524,10.1704850408,-0.35053550778,-0.44411204409
7.63028,10.2414251664,-0.217674288579,0.0961355738109,9.61393729522,-0.77408109096,1.48849317571,10.1704850408,-0.387312802952,-0.371232657955
7.631946,10.2755556519,-0.184525116638,0.0254173403373,9.56855641998,-0.820225880627,1.48849317571,10.0276474177,-0.424090098124,-0.44411204409
7.633612,10.2050193153,-0.217674288579,-0.0453008931363,9.61393729522,-0.866370670294,1.39773142524,9.95622860614,-0.424090098124,-0.553431123291
7.635278,10.2050193153,-0.184525116638,-0.0099417763995,9.61393729522,-0.820225880627,1.26158879953,9.99193801192,-0.460867393296,-0.553431123291
7.636944,10.2414251664,-0.217674288579,-0.0453008931363,9.65931817045,-0.820225880627,1.03468442336,9.99193801192,-0.460867393296,-0.589870816359
7.63861,10.2414251664,-0.184525116638,0.0254173403373,9.65931817045,-0.820225880627,0.898541797651,9.99193801192,-0.424090098124,-0.589870816359
7.640276,10.2755556519,-0.184525116638,0.0961355738109,9.70469904569,-0.820225880627,0.717018296709,10.0276474177,-0.387312802952,-0.626310509426
7.641942,10.2755556519,-0.149165999901,0.166853807284,9.75007992092,-0.77408109096,0.626256546238,10.1704850408,-0.424090098124,-0.626310509426
7.643608,10.3483673541,-0.149165999901,0.166853807284,9.79546079616,-0.77408109096,0.580875671003,10.1704850408,-0.460867393296,-0.662750202493
7.645274,10.491715393,-0.0784477664274,0.202212924021,9.88622254663,-0.727936301293,0.535494795768,10.2061944466,-0.460867393296,-0.735629588627
7.64694,10.3847732053,-0.149165999901,0.235362095962,9.88622254663,-0.77408109096,0.490113920532,10.2419038524,-0.497644688468,-0.881388360896
7.648606,10.311961503,-0.217674288579,0.306080329436,9.93160342186,-0.727936301293,0.444733045297,10.2419038524,-0.460867393296,-0.954267747031
7.650272,10.4211790564,-0.149165999901,0.376798562909,9.9769842971,-0.681791511626,0.399352170061,10.2419038524,-0.460867393296,-0.954267747031
7.651938,10.311961503,-0.217674288579,0.341439446172,9.88622254663,-0.727936301293,0.30859041959,10.2061944466,-0.424090098124,-1.02714713317
7.653604,10.4211790564,-0.149165999901,0.412157679646,9.84084167139,-0.727936301293,0.399352170061,10.2419038524,-0.387312802952,-1.1000265193
7.65527,10.3847732053,-0.217674288579,0.270721212699,9.79546079616,-0.77408109096,0.535494795768,10.2061944466,-0.424090098124,-1.02714713317
7.656936,10.3847732053,-0.217674288579,0.166853807284,9.79546079616,-0.820225880627,0.717018296709,10.1704850408,-0.424090098124,-0.954267747031
7.658602,10.3483673541,-0.217674288579,0.202212924021,9.79546079616,-0.77408109096,0.898541797651,10.1704850408,-0.460867393296,-0.772069281695
7.660268,10.2755556519,-0.253033405315,0.202212924021,9.70469904569,-0.866370670294,1.08006529859,10.1704850408,-0.460867393296,-0.553431123291
7.661934,10.2755556519,-0.217674288579,0.235362095962,9.61393729522,-0.866370670294,1.26158879953,10.0276474177,-0.460867393296,-0.44411204409
7.6636,10.2755556519,-0.217674288579,0.202212924021,9.56855641998,-0.866370670294,1.26158879953,9.92051920036,-0.424090098124,-0.225473885686
7.665266,10.2414251664,-0.217674288579,0.235362095962,9.47779466951,-0.912515459961,1.26158879953,9.95622860614,-0.424090098124,-0.0432754203503
7.666932,10.2050193153,-0.149165999901,0.202212924021,9.47779466951,-0.866370670294,1.35235055001,9.88480979457,-0.387312802952,-0.00683572728303
7.668598,10.1686134642,-0.217674288579,0.0961355738109,9.43241379427,-0.866370670294,1.44311230048,9.88480979457,-0.387312802952,-0.0432754203503
7.670264,10.132207613,-0.323751638789,-0.0099417763995,9.43241379427,-0.866370670294,1.44311230048,9.92051920036,-0.387312802952,-0.0797151134175
7.67193,10.2414251664,-0.217674288579,0.0607764570741,9.56855641998,-0.820225880627,1.35235055001,9.92051920036,-0.387312802952,-0.0797151134175
7.673596,10.2414251664,-0.323751638789,-0.0453008931363,9.52317554475,-0.866370670294,1.26158879953,9.99193801192,-0.387312802952,-0.189034192619
7.675262,10.3847732053,-0.217674288579,0.0254173403373,9.61393729522,-0.866370670294,1.12544617383,10.0276474177,-0.387312802952,-0.480551737157
7.676928,10.3847732053,-0.217674288579,0.0961355738109,9.70469904569,-0.820225880627,1.03468442336,10.0276474177,-0.387312802952,-0.662750202493
7.678594,10.3847732053,-0.217674288579,0.166853807284,9.75007992092,-0.820225880627,0.80778004718,10.1704850408,-0.387312802952,-0.662750202493
7.68026,10.4211790564,-0.184525116638,0.306080329436,9.75007992092,-0.77408109096,0.671637421474,10.2061944466,-0.35053550778,-0.662750202493
7.681926,10.3847732053,-0.184525116638,0.341439446172,9.84084167139,-0.727936301293,0.671637421474,10.2419038524,-0.35053550778,-0.772069281695
7.683592,10.5281212441,-0.113806883164,0.412157679646,9.88622254663,-0.681791511626,0.671637421474,10.2419038524,-0.35053550778,-1.02714713317
7.685258,10.5645270952,-0.00772953295382,0.551384201797,9.79546079616,-0.727936301293,0.444733045297,10.2061944466,-0.35053550778,-1.06358682623
7.686924,10.3847732053,-0.149165999901,0.412157679646,9.79546079616,-0.727936301293,0.263209544355,10.1704850408,-0.35053550778,-0.990707440098
7.68859,10.2755556519,-0.184525116638,0.202212924021,9.84084167139,-0.727936301293,0.21782866912,10.0276474177,-0.387312802952,-0.917828053964
7.690256,10.3847732053,-0.113806883164,0.235362095962,9.84084167139,-0.681791511626,0.30859041959,10.0276474177,-0.387312802952,-1.02714713317
7.691922,10.311961503,-0.217674288579,0.306080329436,9.79546079616,-0.77408109096,0.444733045297,10.2061944466,-0.387312802952,-0.990707440098
7.693588,10.3483673541,-0.149165999901,0.412157679646,9.70469904569,-0.77408109096,0.580875671003,10.2061944466,-0.424090098124,-0.735629588627
7.695254,10.2414251664,-0.217674288579,0.270721212699,9.65931817045,-0.77408109096,0.580875671003,9.99193801192,-0.387312802952,-0.44411204409
7.69692,10.2414251664,-0.184525116638,0.0961355738109,9.61393729522,-0.77408109096,0.671637421474,9.92051920036,-0.387312802952,-0.298353271821
7.698586,10.2050193153,-0.217674288579,0.0961355738109,9.61393729522,-0.820225880627,0.898541797651,9.92051920036,-0.424090098124,-0.334792964888
7.700252,10.132207613,-0.217674288579,0.235362095962,9.61393729522,-0.77408109096,1.2162079243,9.95622860614,-0.460867393296,-0.44411204409
7.701918,10.2050193153,-0.184525116638,0.202212924021,9.56855641998,-0.820225880627,1.30696967477,9.92051920036,-0.387312802952,-0.225473885686
7.703584,10.2755556519,-0.149165999901,0.0607764570741,9.56855641998,-0.77408109096,1.35235055001,9.92051920036,-0.424090098124,-0.152594499552
7.70525,10.2050193153,-0.184525116638,-0.0453008931363,9.56855641998,-0.820225880627,1.44311230048,9.92051920036,-0.424090098124,-0.44411204409
7.706916,10.1686134642,-0.113806883164,0.0607764570741,9.56855641998,-0.820225880627,1.44311230048,9.92051920036,-0.387312802952,-0.626310509426
7.708582,10.2414251664,-0.149165999901,-0.0099417763995,9.61393729522,-0.77408109096,1.44311230048,9.95622860614,-0.387312802952,-0.808508974762
7.710248,10.2414251664,-0.184525116638,-0.113809181814,9.61393729522,-0.77408109096,1.35235055001,9.99193801192,-0.387312802952,-0.881388360896
7.711914,10.311961503,-0.149165999901,-0.0453008931363,9.70469904569,-0.77408109096,1.30696967477,10.1704850408,-0.35053550778,-0.881388360896
7.71358,10.311961503,-0.184525116638,-0.0453008931363,9.70469904569,-0.820225880627,1.08006529859,10.1704850408,-0.387312802952,-0.772069281695
7.715246,10.311961503,-0.149165999901,0.131494690548,9.79546079616,-0.681791511626,1.03468442336,10.0276474177,-0.35053550778,-0.881388360896
7.716912,10.2755556519,-0.0784477664274,0.270721212699,9.75007992092,-0.681791511626,0.898541797651,10.0276474177,-0.35053550778,-0.881388360896
7.718578,10.2414251664,-0.0784477664274,0.235362095962,9.70469904569,-0.681791511626,0.80778004718,10.0276474177,-0.276980917435,-0.626310509426
7.720244,10.2414251664,-0.00772953295382,0.235362095962,9.65931817045,-0.635646721959,0.671637421474,9.92051920036,-0.35053550778,-0.44411204409
7.72191,10.2414251664,0.027629583783,0.376798562909,9.75007992092,-0.497212352959,0.671637421474,9.92051920036,-0.240203622263,-0.371232657955
7.723576,10.2414251664,0.0629887005198,0.586743318534,9.65931817045,-0.543357142626,0.444733045297,9.95622860614,-0.203426327091,-0.298353271821
7.725242,10.311961503,0.166856105934,0.657461552008,9.65931817045,-0.543357142626,0.444733045297,9.95622860614,-0.166649031918,-0.298353271821
7.726908,10.2414251664,0.0961378724605,0.657461552008,9.70469904569,-0.543357142626,0.353971294826,9.99193801192,-0.166649031918,-0.152594499552
7.728574,10.2050193153,0.027629583783,0.586743318534,9.70469904569,-0.543357142626,0.353971294826,9.99193801192,-0.166649031918,-0.152594499552
7.73024,10.311961503,0.0961378724605,0.551384201797,9.75007992092,-0.497212352959,0.444733045297,10.1704850408,-0.203426327091,-0.334792964888
7.731906,10.311961503,-0.00772953295382,0.376798562909,9.79546079616,-0.543357142626,0.626256546238,10.2419038524,-0.240203622263,-0.553431123291
7.733572,10.3483673541,0.0629887005198,0.376798562909,9.79546079616,-0.543357142626,0.671637421474,10.2061944466,-0.240203622263,-0.626310509426
7.735238,10.311961503,0.027629583783,0.202212924021,9.79546079616,-0.589501932292,0.717018296709,10.1704850408,-0.203426327091,-0.69918989556
7.736904,10.2755556519,0.0629887005198,0.0607764570741,9.79546079616,-0.543357142626,0.898541797651,10.0276474177,-0.240203622263,-0.844948667829
7.73857,10.2755556519,0.0629887005198,0.0607764570741,9.70469904569,-0.589501932292,1.03468442336,10.0276474177,-0.240203622263,-0.881388360896
7.740236,10.2050193153,0.027629583783,-0.0099417763995,9.70469904569,-0.543357142626,1.26158879953,10.0276474177,-0.240203622263,-0.881388360896
7.741902,10.2050193153,-0.00772953295382,-0.0453008931363,9.70469904569,-0.451067563292,1.35235055001,9.95622860614,-0.240203622263,-0.844948667829
7.743568,10.2414251664,0.0629887005198,-0.078450065077,9.52317554475,-0.635646721959,1.30696967477,9.88480979457,-0.276980917435,-0.69918989556
7.745234,10.132207613,-0.00772953295382,-0.149168298551,9.52317554475,-0.681791511626,1.44311230048,9.84910038879,-0.313758212607,-0.589870816359
7.7469,10.0593959108,0.0629887005198,-0.0453008931363,9.47779466951,-0.681791511626,1.53387405095,9.84910038879,-0.35053550778,-0.44411204409
7.748566,10.0229900596,-0.00772953295382,-0.113809181814,9.43241379427,-0.635646721959,1.48849317571,9.81339098301,-0.35053550778,-0.298353271821
7.750232,9.95245372306,-0.0430886496906,-0.113809181814,9.43241379427,-0.635646721959,1.44311230048,9.81339098301,-0.35053550778,-0.261913578754
7.751898,9.98885957419,-0.00772953295382,-0.078450065077,9.47779466951,-0.635646721959,1.35235055001,9.81339098301,-0.313758212607,-0.225473885686
7.753564,9.91604787193,-0.00772953295382,-0.113809181814,9.47779466951,-0.589501932292,1.26158879953,9.81339098301,-0.276980917435,-0.298353271821
7.75523,9.95245372306,0.0961378724605,0.131494690548,9.52317554475,-0.589501932292,0.989303548122,9.81339098301,-0.276980917435,-0.371232657955
7.756896,9.98885957419,0.0629887005198,0.131494690548,9.56855641998,-0.543357142626,0.898541797651,9.84910038879,-0.276980917435,-0.44411204409
7.758562,10.0958017619,0.0629887005198,0.202212924021,9.65931817045,-0.543357142626,0.80778004718,9.88480979457,-0.276980917435,-0.626310509426
7.760228,10.132207613,0.0961378724605,0.0961355738109,9.65931817045,-0.497212352959,0.762399171945,9.92051920036,-0.240203622263,-0.917828053964
7.761894,10.132207613,0.131496989197,0.131494690548,9.75007992092,-0.497212352959,0.671637421474,9.95622860614,-0.240203622263,-1.02714713317
7.76356,10.2414251664,0.131496989197,0.235362095962,9.79546079616,-0.451067563292,0.535494795768,9.99193801192,-0.240203622263,-1.06358682623
7.765226,10.2414251664,0.166856105934,0.341439446172,9.84084167139,-0.451067563292,0.490113920532,10.0276474177,-0.203426327091,-1.06358682623
7.766892,10.2755556519,0.166856105934,0.447516796383,9.84084167139,-0.404922773625,0.535494795768,10.1704850408,-0.203426327091,-1.06358682623
7.768558,10.311961503,0.202215222671,0.412157679646,9.84084167139,-0.404922773625,0.580875671003,10.0633568235,-0.166649031918,-1.06358682623
7.770224,10.2755556519,0.202215222671,0.270721212699,9.79546079616,-0.404922773625,0.580875671003,9.99193801192,-0.129871736746,-0.990707440098
