Latest: Time (s),Latest: X Acceleration 1 (m/s²),Latest: Y Acceleration 1 (m/s²),Latest: Z Acceleration 1 (m/s²),Latest: Z Acceleration 2 (m/s²),Latest: Y Acceleration 2 (m/s²),Latest: X Acceleration 2 (m/s²),FFT: Time - Frequency (Hz),FFT: Z Acceleration 2 - FFT,FFT 2: Time - Frequency (Hz),FFT 2: Z Acceleration 2 - FFT
4.218312,9.52317554475,-1.05094982896,0.30859041959,2.03425715995,-0.595574848703,9.86598982662,,,,
4.219978,9.52317554475,-1.05094982896,0.30859041959,1.92817980974,-0.63093396544,9.86598982662,,,,
4.221644,9.52317554475,-1.05094982896,0.263209544355,2.03425715995,-0.560215731966,9.86598982662,,,,
4.22331,9.52317554475,-1.05094982896,0.30859041959,1.92817980974,-0.63093396544,9.86598982662,,,,
4.224976,9.52317554475,-1.00480503929,0.263209544355,2.03425715995,-0.63093396544,9.86598982662,,,,
4.226642,9.52317554475,-1.05094982896,0.263209544355,1.96353892647,-0.666293082177,9.82958397549,,,,
4.228308,9.52317554475,-1.05094982896,0.263209544355,1.99889804321,-0.63093396544,9.82958397549,,,,
4.229974,9.52317554475,-1.05094982896,0.21782866912,1.92817980974,-0.63093396544,9.82958397549,,,,
4.23164,9.52317554475,-1.05094982896,0.263209544355,1.92817980974,-0.666293082177,9.82958397549,,,,
4.233306,9.52317554475,-1.05094982896,0.263209544355,1.96353892647,-0.666293082177,9.82958397549,,,,
4.234972,9.52317554475,-1.05094982896,0.263209544355,1.92817980974,-0.666293082177,9.86598982662,,,,
4.236638,9.52317554475,-1.05094982896,0.263209544355,1.96353892647,-0.666293082177,9.82958397549,,,,
4.238304,9.47779466951,-1.05094982896,0.21782866912,1.92817980974,-0.701652198914,9.82958397549,,,,
4.23997,9.52317554475,-1.05094982896,0.263209544355,1.92817980974,-0.666293082177,9.82958397549,,,,
4.241636,9.47779466951,-1.05094982896,0.263209544355,1.92817980974,-0.666293082177,9.82958397549,,,,
4.243302,9.52317554475,-1.09709461863,0.263209544355,1.892820693,-0.666293082177,9.82958397549,,,,
4.244968,9.47779466951,-1.09709461863,0.263209544355,1.92817980974,-0.666293082177,9.82958397549,,,,
4.246634,9.47779466951,-1.05094982896,0.263209544355,1.892820693,-0.666293082177,9.79317812435,,,,
4.2483,9.52317554475,-1.05094982896,0.30859041959,1.92817980974,-0.666293082177,9.86598982662,,,,
4.249966,9.52317554475,-1.05094982896,0.30859041959,1.92817980974,-0.701652198914,9.75677227322,,,,
4.251632,9.47779466951,-1.09709461863,0.263209544355,1.92817980974,-0.666293082177,9.86598982662,,,,
4.253298,9.52317554475,-1.00480503929,0.30859041959,1.81989251473,-0.701652198914,9.75677227322,,,,
4.254964,9.52317554475,-1.05094982896,0.30859041959,1.92817980974,-0.666293082177,9.86598982662,,,,
4.25663,9.47779466951,-1.05094982896,0.263209544355,1.892820693,-0.701652198914,9.79317812435,,,,
4.258296,9.61393729522,-0.958660249627,0.353971294826,1.92817980974,-0.666293082177,9.82958397549,,,,
4.259962,9.56855641998,-1.00480503929,0.263209544355,1.92817980974,-0.73701131565,9.75677227322,,,,
4.261628,9.47779466951,-1.05094982896,0.263209544355,1.96353892647,-0.666293082177,9.82958397549,,,,
4.263294,9.47779466951,-1.05094982896,0.21782866912,1.892820693,-0.701652198914,9.75677227322,,,,
4.26496,9.47779466951,-1.05094982896,0.263209544355,1.92817980974,-0.666293082177,9.86598982662,,,,
4.266626,9.61393729522,-0.958660249627,0.30859041959,1.92817980974,-0.73701131565,9.75677227322,,,,
4.268292,9.52317554475,-1.09709461863,0.21782866912,1.92817980974,-0.666293082177,9.82958397549,,,,
4.269958,8.5701771648,-1.09709461863,0.535494795768,1.5016604641,-0.0651880976511,9.61114886869,,,,
4.271624,14.1996747378,-2.29685914997,-22.5247969551,12.7922684271,-0.805519604328,7.5360153541,,,,
4.27329,3.57601184514,3.47354679788,20.6437606126,-16.8298316191,-5.47071306879,12.2665006357,,,,
4.274956,15.3341966186,0.748696968047,-3.9594808963,17.5348099594,2.55138654087,6.51892688806,,,,
4.276622,9.84084167139,1.76388234072,-2.77957814018,19.0552519791,3.39779539776,13.6499229788,,,,
4.278288,8.93322416669,1.71773755105,-8.27066404367,7.20110809311,1.98564067308,11.1743251017,,,,
4.279954,10.8846018018,-1.5585425153,-8.58833017031,-17.0773454363,-12.4320391763,10.4120775936,,,,
4.28162,8.4340345391,-0.77408109096,14.9688821644,-11.1325939349,-4.904967201,11.9024421244,,,,
4.283286,12.2914089341,-1.00480503929,0.353971294826,8.58011364585,9.54807176517,8.04569726996,,,,
4.284952,8.93322416669,-1.46625293596,-3.41491039348,12.4740363765,7.07293359359,6.40970933466,,,,
4.286618,13.1536455636,-0.589501932292,10.839222518,-6.63756621975,-8.2618733462,13.3950820208,,,,
4.288284,15.4249583691,0.333393861045,-14.943921747,-4.05414075317,-3.03314395875,11.2107309529,,,,
4.28995,7.38800536492,-0.589501932292,-12.7202588605,8.15580424501,3.29171804755,6.4461151858,,,,
4.291616,11.3384105542,-0.312633194291,0.399352170061,3.59005829637,-1.68949752275,13.4678937231,,,,
4.293282,9.52317554475,-0.220343614958,5.66353369737,6.59779316379,2.12707714003,8.19132067449,,,,
4.294948,7.29724361445,-0.866370670294,-1.14359758794,1.36022399715,-1.1591107717,8.00929141883,,,,
4.296614,7.11572011351,-1.51239772563,9.11474925902,-1.08176500248,-3.13922130896,10.9217595095,,,,
4.29828,11.4745531799,-0.0357644562901,0.626256546238,4.15580416415,0.748071587295,8.59178503696,,,,
4.299946,8.93322416669,-3.17591739312,-5.23014540289,7.87293131111,0.182325719506,6.6645502926,,,,
4.301612,9.79546079616,-1.2816737773,8.93322575808,-1.68286998701,-2.6088345579,12.630559147,,,,
4.303278,13.5166925655,0.102669912711,-13.0833058624,4.26188151437,-0.206624564598,5.4631572052,,,,
4.304944,8.88784329145,-0.543357142626,-6.95461866184,5.14806937758,1.8088450894,9.72036642209,,,,
4.30661,7.52414799063,-0.589501932292,4.48363094125,7.27182632659,-0.241983681335,9.57474301755,,,,
4.308276,9.16012854286,-0.0819092459569,9.88622413803,1.57237869757,-0.63093396544,13.2130527652,,,,
4.309942,9.79546079616,-1.00480503929,1.03468442336,-5.00883690506,-1.47734282233,10.0116132312,,,,
4.311608,12.6090750608,-1.88155604296,-10.7212313064,-2.74364348911,-1.30054723864,6.15486837673,,,,
4.313274,9.38703291904,-1.14323940829,-1.733548966,4.61768262653,-0.171265447862,7.24476854503,,,,
4.31494,8.38865366386,-1.6969768843,12.1552678998,5.14806937758,-1.12375165496,12.1208772312,,,,
4.316606,7.93484491151,-2.20456957063,8.29789350479,1.67845604778,-2.04308869012,11.8660362732,,,,
4.318272,10.9753635523,-0.312633194291,-2.96110164112,2.52928479426,-0.348061031546,9.61114886869,,,,
4.319938,10.0223651723,0.194959492044,-11.6311178548,0.617682545679,0.217684836243,9.53833716642,,,,
4.321604,8.61555804004,-1.2816737773,3.30372818513,-0.761323007056,-0.383420148282,9.86598982662,,,,
4.32327,9.16012854286,-1.00480503929,5.5727719469,-4.30165457033,-1.65413840601,10.5941068493,,,,
4.324936,10.0223651723,-1.2816737773,4.8012970679,0.476246078731,-0.701652198914,9.75677227322,,,,
4.326602,11.882981057,-1.14323940829,-2.14424588688,3.908290347,-0.876237837801,10.230048338,,,,
4.328268,10.3854121742,-1.74312167396,-4.68557490007,6.73922963074,-0.805519604328,9.75677227322,,,,
4.329934,11.2930296789,-1.14323940829,-0.0544565822929,-2.46077055522,-1.37126547212,12.5577474448,,,,
4.3316,8.79708154098,-1.37396335663,5.02820144407,-5.43314630591,-1.93701133991,9.13787280396,,,,
4.333266,10.2946504237,-1.00480503929,-0.553646209883,1.892820693,0.288403069717,9.31990205962,,,,
4.334932,8.93322416669,0.379538650712,-4.77633665054,7.62541749395,1.27845833835,9.90239567775,,,,
4.336598,10.929982677,-1.09709461863,-1.23435933841,5.04199202737,-0.171265447862,10.7761361049,,,,
4.338264,8.75170066574,-1.2816737773,2.25996805471,1.64309693105,-0.73701131565,10.230048338,,,,
4.33993,9.25089029333,-1.23552898763,1.62463580142,3.76685388005,-0.840878721065,7.97288556769,,,,
4.341596,9.79546079616,-1.00480503929,1.94230192807,4.36795886458,-0.840878721065,9.68396057095,,,,
4.343262,8.75170066574,-1.60468730496,-0.372122708941,1.892820693,-1.51270193906,9.64755471982,,,,
4.344928,8.11636841245,-1.51239772563,1.08006529859,-1.89502468743,-0.946956071275,9.42911961302,,,,
4.346594,8.25251103815,-1.05094982896,0.21782866912,1.64309693105,0.0762483692961,7.90007386543,,,,
4.34826,8.29789191339,-1.05094982896,0.21782866912,6.27956111316,-0.701652198914,9.42911961302,,,,
4.349926,9.38703291904,-0.635646721959,-1.41588283936,7.16574897637,-0.770160487591,10.6305127004,,,,
4.351592,9.65931817045,-1.4201081463,0.0363051681779,0.93591459631,-0.666293082177,10.7761361049,,,,
4.353258,10.5215547999,-1.60468730496,-1.00745496224,-1.39999705311,-1.05303342149,8.30053822789,,,,
4.354924,9.2055094181,-1.4201081463,-2.18962676212,0.829837246099,-0.946956071275,8.99224939942,,,,
4.35659,8.5701771648,-1.2816737773,2.7591576823,1.57237869757,-1.19446988843,10.6305127004,,,,
4.358256,10.1131269228,-1.51239772563,4.66515444219,0.723759895889,-1.47734282233,11.6111953153,,,,
4.359922,10.0677460476,-1.51239772563,2.30534892995,-0.0894997890573,-1.37126547212,10.5577009981,,,,
4.361588,10.3854121742,-1.60468730496,-2.91572076589,1.78453339799,-0.770160487591,9.35630791076,,,,
4.363254,9.9769842971,-1.00480503929,-5.04862190195,2.21105274363,-0.701652198914,10.4848892959,,,,
4.36492,10.2946504237,-1.46625293596,-1.68816809077,3.20110801226,-1.51270193906,10.521295147,,,,
4.366586,9.79546079616,-1.05094982896,1.80615930236,1.71381516452,-0.73701131565,10.9922958461,,,,
4.368252,9.52317554475,-1.51239772563,2.84991943277,4.04972681394,-0.560215731966,8.73740844149,,,,
4.369918,10.0677460476,-1.2816737773,-1.09821671271,0.971273713047,-1.33590635538,11.2107309529,,,,
4.371584,8.61555804004,-1.37396335663,-0.825931461295,-0.798892068589,-1.58342017254,9.13787280396,,,,
4.37325,9.02398591716,-1.2816737773,3.03144293372,-0.72596389032,-0.982315188012,9.06506110169,,,,
4.374916,9.06936679239,-1.4201081463,3.34910906036,4.72375997674,-0.770160487591,10.3756717425,,,,
4.376582,9.70469904569,-1.32781856696,-0.78055058606,6.24420199642,-0.666293082177,10.4120775936,,,,
4.378248,9.52317554475,-1.2816737773,-5.72933503048,6.17348376295,-0.348061031546,8.77381429262,,,,
4.379914,9.56855641998,-1.2816737773,-2.4165311383,1.81989251473,-1.44198370559,10.2664541891,,,,
4.38158,8.25251103815,-1.32781856696,2.03306367854,-0.0894997890573,-1.12375165496,9.68396057095,,,,
4.383246,8.70631979051,-1.46625293596,2.84991943277,1.11271017999,-0.560215731966,8.73740844149,,,,
4.384912,8.88784329145,-1.23552898763,1.71539755189,2.2817709771,-0.666293082177,9.17427865509,,,,
4.386578,9.52317554475,-1.23552898763,0.172447793884,1.81989251473,-1.30054723864,9.90239567775,,,,
4.388244,9.38703291904,-1.2816737773,-0.0998374575283,0.122654911363,-0.840878721065,9.79317812435,,,,
4.38991,9.52317554475,-1.4201081463,0.0363051681779,2.35248921058,-0.770160487591,8.84662599489,,,,
4.391576,9.75007992092,-1.32781856696,0.717018296709,5.43094231148,-1.05303342149,10.2664541891,,,,
4.393242,10.0677460476,-1.09709461863,-1.86969159171,4.51160527632,-0.595574848703,11.2835426551,,,,
4.394908,9.56855641998,-1.14323940829,-0.735169710824,-1.22320146943,-0.982315188012,10.521295147,,,,
4.396574,9.25089029333,-1.00480503929,1.62463580142,-2.67292525564,-0.876237837801,9.35630791076,,,,
4.39824,9.06936679239,-1.2816737773,2.98606205848,-0.195577139268,-0.946956071275,10.1208307846,,,,
4.399906,9.11474766763,-1.23552898763,3.34910906036,2.91823507837,-0.666293082177,10.8125419561,,,,
4.401572,10.0223651723,-1.05094982896,0.943922672886,3.09503066205,-1.19446988843,10.1208307846,,,,
4.403238,9.61393729522,-1.2816737773,-1.68816809077,0.511605195468,-0.840878721065,9.93880152889,,,,
4.404904,9.65931817045,-1.32781856696,-2.32576938783,-0.655245656846,-0.701652198914,9.13787280396,,,,
4.40657,8.84246241621,-1.18938419796,-0.28136095847,2.45856656079,-0.770160487591,9.21068450622,,,,
4.408236,9.3416520438,-1.14323940829,2.21458717948,3.69613564658,-1.01767430475,10.8125419561,,,,
4.409902,8.97860504192,-1.14323940829,1.08006529859,1.04199194652,-0.489497498493,10.7033244027,,,,
4.411568,9.52317554475,-1.14323940829,-1.09821671271,0.829837246099,-0.560215731966,8.55537918583,,,,
4.413234,9.52317554475,-1.09709461863,-1.00745496224,2.14033451016,-0.805519604328,9.21068450622,,,,
4.4149,9.3416520438,-1.2816737773,0.943922672886,2.88287596163,-0.63093396544,9.64755471982,,,,
4.416566,9.52317554475,-1.09709461863,1.17082704906,1.5016604641,-1.01767430475,9.35630791076,,,,
4.418232,9.61393729522,-0.912515459961,0.0363051681779,1.99889804321,-0.52485661523,8.99224939942,,,,
4.419898,9.47779466951,-1.09709461863,-2.23500763736,2.77679861142,-0.383420148282,9.31990205962,,,,
4.421564,8.97860504192,-0.912515459961,-2.4165311383,3.55469917963,-0.418779265019,9.75677227322,,,,
4.42323,9.11474766763,-1.05094982896,0.580875671003,2.49392567753,-0.946956071275,9.86598982662,,,,
4.424896,8.97860504192,-1.18938419796,2.07844455377,1.07735106326,-1.01767430475,9.86598982662,,,,
4.426562,9.47779466951,-1.2816737773,1.76077842712,1.92817980974,-0.666293082177,8.95584354829,,,,
4.428228,9.52317554475,-1.05094982896,0.353971294826,3.09503066205,-0.840878721065,9.28349620849,,,,
4.429894,9.70469904569,-1.32781856696,-0.0998374575283,2.21105274363,-0.805519604328,10.3028600402,,,,
4.43156,9.47779466951,-1.09709461863,0.535494795768,0.688400779152,-0.63093396544,9.82958397549,,,,
4.433226,9.29627116857,-1.00480503929,1.48849317571,1.57237869757,-0.805519604328,9.46552546415,,,,
4.434892,9.56855641998,-1.05094982896,1.57925492618,2.45856656079,-0.560215731966,10.230048338,,,,
4.436558,9.79546079616,-1.18938419796,-0.78055058606,1.892820693,-0.63093396544,10.3756717425,,,,
4.438224,9.61393729522,-1.23552898763,-0.644407960353,-0.584527423372,-0.982315188012,10.3028600402,,,,
4.43989,9.84084167139,-1.23552898763,0.0363051681779,0.93591459631,-1.05303342149,8.95584354829,,,,
4.441556,9.79546079616,-1.2816737773,-0.0998374575283,3.30718536247,-0.876237837801,9.72036642209,,,,
4.443222,9.61393729522,-1.18938419796,0.535494795768,3.51934006289,-0.489497498493,10.3392658914,,,,
4.444888,9.75007992092,-1.00480503929,0.490113920532,0.476246078731,-0.982315188012,9.72036642209,,,,
4.446554,9.2055094181,-0.958660249627,0.444733045297,-0.513809189899,-0.63093396544,8.84662599489,,,,
4.44822,9.29627116857,-0.635646721959,0.490113920532,1.39558311389,-0.100547214388,9.61114886869,,,,
4.449886,9.2055094181,-0.635646721959,0.127066918649,5.14806937758,-0.206624564598,9.86598982662,,,,
4.451552,9.52317554475,-0.820225880627,-0.235980083235,5.57237877842,-0.418779265019,10.1936424868,,,,
4.453218,9.43241379427,-0.912515459961,-0.553646209883,3.41326271268,-0.418779265019,9.75677227322,,,,
4.454884,9.52317554475,-0.958660249627,-1.46126371459,1.60773781431,-0.63093396544,9.24709035736,,,,
4.45655,9.3416520438,-1.00480503929,-0.326741833705,0.93591459631,-0.489497498493,9.53833716642,,,,
4.458216,9.3416520438,-1.00480503929,1.48849317571,1.85746157626,-0.241983681335,9.39271376189,,,,
4.459882,9.29627116857,-0.820225880627,1.30696967477,1.99889804321,-0.63093396544,9.68396057095,,,,
4.461548,9.52317554475,-0.681791511626,0.717018296709,1.92817980974,-0.241983681335,9.75677227322,,,,
4.463214,9.79546079616,-0.681791511626,-1.09821671271,1.99889804321,-0.206624564598,9.57474301755,,,,
4.46488,9.65931817045,-0.77408109096,-1.32512108888,2.21105274363,-0.206624564598,9.90239567775,,,,
4.466546,9.65931817045,-1.09709461863,0.717018296709,2.21105274363,-0.770160487591,9.61114886869,,,,
4.468212,9.61393729522,-1.18938419796,0.626256546238,1.892820693,-0.770160487591,9.82958397549,,,,
4.469878,9.56855641998,-1.18938419796,0.30859041959,0.617682545679,-0.73701131565,9.72036642209,,,,
4.471544,9.38703291904,-1.14323940829,0.353971294826,0.122654911363,-0.805519604328,9.57474301755,,,,
4.47321,9.11474766763,-1.00480503929,2.25996805471,0.582323428942,-0.63093396544,9.79317812435,,,,
4.474876,9.11474766763,-0.912515459961,3.25834730989,1.07735106326,-0.52485661523,9.93880152889,,,,
4.476542,9.47779466951,-0.77408109096,1.62463580142,1.32486488041,-0.489497498493,9.86598982662,,,,
4.478208,9.79546079616,-0.727936301293,-0.417503584176,1.04199194652,-0.348061031546,9.57474301755,,,,
4.479874,9.9769842971,-0.681791511626,-1.46126371459,1.64309693105,-0.348061031546,9.39271376189,,,,
4.48154,9.47779466951,-0.912515459961,-0.372122708941,2.06961627668,-0.52485661523,9.90239567775,,,,
4.483206,9.47779466951,-1.05094982896,1.44311230048,2.35248921058,-0.770160487591,9.82958397549,,,,
4.484872,9.43241379427,-1.05094982896,1.12544617383,1.892820693,-0.666293082177,9.90239567775,,,,
4.486538,9.38703291904,-1.05094982896,0.853160922416,1.28950576368,-0.560215731966,9.64755471982,,,,
4.488204,9.52317554475,-1.00480503929,0.671637421474,0.653041662415,-0.63093396544,9.57474301755,,,,
4.48987,9.38703291904,-0.866370670294,0.717018296709,1.39558311389,-0.418779265019,9.31990205962,,,,
4.491536,9.75007992092,-0.727936301293,0.0363051681779,2.88287596163,-0.383420148282,9.46552546415,,,,
4.493202,9.65931817045,-0.727936301293,-0.916693211766,4.33259974784,-0.277342798072,9.46552546415,,,,
4.494868,9.47779466951,-0.681791511626,-1.09821671271,3.73149476331,-0.312701914809,9.61114886869,,,,
4.496534,9.16012854286,-0.958660249627,-1.14359758794,2.21105274363,-0.52485661523,9.35630791076,,,,
4.4982,9.16012854286,-1.14323940829,-0.0544565822929,1.2187875302,-0.701652198914,9.53833716642,,,,
4.499866,9.2055094181,-1.18938419796,1.03468442336,1.2187875302,-0.911596954538,9.64755471982,,,,
4.501532,9.3416520438,-1.14323940829,1.2162079243,2.35248921058,-0.770160487591,9.79317812435,,,,
4.503198,9.43241379427,-1.18938419796,0.535494795768,2.21105274363,-0.876237837801,10.1208307846,,,,
4.504864,9.70469904569,-1.05094982896,-0.190599207999,2.24641186037,-0.63093396544,9.93880152889,,,,
4.50653,9.79546079616,-0.820225880627,-0.372122708941,2.49392567753,-0.52485661523,9.86598982662,,,,
4.508196,9.75007992092,-0.820225880627,-0.417503584176,2.45856656079,-0.52485661523,10.230048338,,,,
4.509862,9.70469904569,-0.866370670294,0.490113920532,1.53701958084,-0.52485661523,10.4848892959,,,,
4.511528,9.61393729522,-1.05094982896,0.263209544355,1.04199194652,-0.701652198914,10.4484834448,,,,
4.513194,9.52317554475,-1.18938419796,0.353971294826,1.25414664694,-0.911596954538,10.230048338,,,,
4.51486,9.65931817045,-1.18938419796,0.80778004718,2.03425715995,-0.982315188012,10.0116132312,,,,
4.516526,9.56855641998,-1.37396335663,0.671637421474,1.81989251473,-0.946956071275,10.3028600402,,,,
4.518192,9.52317554475,-1.32781856696,0.898541797651,1.14806929673,-0.840878721065,10.0116132312,,,,
4.519858,9.65931817045,-1.23552898763,0.0816860434134,1.11271017999,-0.73701131565,9.86598982662,,,,
4.521524,9.52317554475,-1.00480503929,-0.508265334647,2.10497539342,-0.489497498493,9.90239567775,,,,
4.52319,9.38703291904,-0.866370670294,-0.235980083235,2.81215772816,-0.418779265019,10.1208307846,,,,
4.524856,9.06936679239,-0.958660249627,0.444733045297,2.91823507837,-0.595574848703,9.82958397549,,,,
4.526522,9.06936679239,-1.05094982896,0.80778004718,3.02431242858,-0.560215731966,9.61114886869,,,,
4.528188,9.16012854286,-1.18938419796,0.30859041959,2.24641186037,-0.911596954538,9.61114886869,,,,
4.529854,9.2055094181,-1.32781856696,0.0363051681779,1.5016604641,-0.840878721065,9.57474301755,,,,
4.53152,9.2055094181,-1.32781856696,0.21782866912,1.18342841347,-0.946956071275,9.39271376189,,,,
4.533186,9.2055094181,-1.23552898763,0.626256546238,2.42320744405,-0.805519604328,9.53833716642,,,,
4.534852,9.38703291904,-1.05094982896,0.853160922416,3.48398094616,-0.666293082177,9.90239567775,,,,
4.536518,9.43241379427,-0.912515459961,0.0816860434134,3.13038977879,-0.454138381756,10.0844249334,,,,
4.538184,9.61393729522,-0.77408109096,-0.0544565822929,1.53701958084,-0.348061031546,10.0844249334,,,,
4.53985,9.79546079616,-0.820225880627,0.127066918649,1.11271017999,-0.560215731966,9.90239567775,,,,
4.541516,9.9769842971,-1.00480503929,0.490113920532,1.64309693105,-0.666293082177,10.230048338,,,,
4.543182,9.88622254663,-1.14323940829,0.898541797651,1.92817980974,-0.840878721065,10.3392658914,,,,
4.544848,9.84084167139,-1.32781856696,0.580875671003,1.67845604778,-0.946956071275,10.230048338,,,,
4.546514,9.75007992092,-1.32781856696,0.717018296709,1.04199194652,-0.911596954538,10.230048338,,,,
4.54818,9.65931817045,-1.18938419796,0.943922672886,0.723759895889,-0.805519604328,10.1936424868,,,,
4.549846,9.61393729522,-1.05094982896,0.943922672886,0.653041662415,-0.701652198914,10.1936424868,,,,
4.551512,9.61393729522,-0.958660249627,0.580875671003,0.93591459631,-0.560215731966,10.1208307846,,,,
4.553178,9.61393729522,-0.912515459961,0.21782866912,1.46630134736,-0.560215731966,9.90239567775,,,,
4.554844,9.61393729522,-0.912515459961,0.0816860434134,1.99889804321,-0.52485661523,9.79317812435,,,,
4.55651,9.47779466951,-1.00480503929,0.30859041959,2.03425715995,-0.666293082177,9.86598982662,,,,
4.558176,9.38703291904,-1.14323940829,0.762399171945,2.03425715995,-0.73701131565,9.82958397549,,,,
4.559842,9.47779466951,-1.09709461863,0.853160922416,1.81989251473,-0.770160487591,9.82958397549,,,,
4.561508,9.47779466951,-1.09709461863,1.08006529859,1.43094223063,-0.805519604328,9.72036642209,,,,
4.563174,9.47779466951,-1.05094982896,0.762399171945,1.74917428126,-0.63093396544,9.61114886869,,,,
4.56484,9.61393729522,-0.820225880627,0.0363051681779,2.77679861142,-0.454138381756,9.82958397549,,,,
4.566506,9.75007992092,-0.681791511626,-0.145218332764,3.55469917963,-0.277342798072,9.97520738002,,,,
4.568172,9.79546079616,-0.681791511626,-0.462884459412,3.27182624573,-0.312701914809,9.86598982662,,,,
4.569838,9.79546079616,-0.77408109096,-0.735169710824,2.52928479426,-0.348061031546,9.75677227322,,,,
4.571504,9.88622254663,-0.866370670294,-0.871312336531,2.17569362689,-0.52485661523,9.50193131529,,,,
4.57317,9.79546079616,-0.958660249627,-0.190599207999,2.2817709771,-0.63093396544,9.79317812435,,,,
4.574836,9.65931817045,-1.00480503929,0.989303548122,2.24641186037,-0.805519604328,9.79317812435,,,,
4.576502,9.61393729522,-1.00480503929,0.762399171945,2.38784832731,-0.701652198914,9.82958397549,,,,
4.578168,9.65931817045,-0.958660249627,0.353971294826,2.21105274363,-0.73701131565,9.75677227322,,,,
4.579834,9.70469904569,-1.00480503929,-0.190599207999,2.31713009384,-0.595574848703,9.75677227322,,,,
4.5815,9.61393729522,-0.912515459961,-0.417503584176,2.06961627668,-0.595574848703,9.75677227322,,,,
4.583166,9.75007992092,-0.912515459961,-0.145218332764,1.81989251473,-0.489497498493,9.79317812435,,,,
4.584832,9.75007992092,-0.912515459961,0.263209544355,1.74917428126,-0.666293082177,9.86598982662,,,,
4.586498,9.56855641998,-1.00480503929,0.671637421474,1.74917428126,-0.666293082177,10.0480190823,,,,
4.588164,9.61393729522,-1.14323940829,0.580875671003,1.18342841347,-0.770160487591,10.3392658914,,,,
4.58983,9.70469904569,-1.23552898763,0.580875671003,0.511605195468,-0.876237837801,10.0480190823,,,,
4.591496,9.84084167139,-1.2816737773,0.535494795768,0.546964312205,-0.770160487591,10.0480190823,,,,
4.593162,9.84084167139,-1.18938419796,0.30859041959,1.18342841347,-0.805519604328,10.0480190823,,,,
4.594828,10.0223651723,-1.00480503929,0.172447793884,1.99889804321,-0.666293082177,10.1572366357,,,,
4.596494,10.0223651723,-1.00480503929,-0.0998374575283,2.2817709771,-0.52485661523,10.0844249334,,,,
4.59816,9.75007992092,-0.866370670294,-0.145218332764,2.52928479426,-0.489497498493,9.82958397549,,,,
4.599826,9.61393729522,-0.912515459961,0.0816860434134,2.31713009384,-0.52485661523,9.82958397549,,,,
4.601492,9.61393729522,-0.958660249627,0.490113920532,2.03425715995,-0.560215731966,9.72036642209,,,,
4.603158,9.43241379427,-1.05094982896,0.717018296709,1.67845604778,-0.666293082177,9.53833716642,,,,
4.604824,9.25089029333,-1.09709461863,0.671637421474,1.81989251473,-0.770160487591,9.24709035736,,,,
4.60649,9.29627116857,-1.18938419796,0.353971294826,2.49392567753,-0.701652198914,9.42911961302,,,,
4.608156,9.29627116857,-1.09709461863,-0.0544565822929,3.16574889552,-0.666293082177,9.61114886869,,,,
4.609822,9.29627116857,-1.00480503929,-0.190599207999,3.236467129,-0.595574848703,9.53833716642,,,,
4.611488,9.38703291904,-1.00480503929,-0.28136095847,2.49392567753,-0.560215731966,9.61114886869,,,,
4.613154,9.43241379427,-0.958660249627,-0.28136095847,1.71381516452,-0.560215731966,9.64755471982,,,,
4.61482,9.47779466951,-1.00480503929,0.172447793884,1.60773781431,-0.595574848703,9.75677227322,,,,
4.616486,9.47779466951,-1.09709461863,0.717018296709,1.74917428126,-0.701652198914,9.97520738002,,,,
4.618152,9.52317554475,-1.14323940829,0.898541797651,1.892820693,-0.770160487591,10.0844249334,,,,
4.619818,9.61393729522,-1.18938419796,0.580875671003,1.96353892647,-0.805519604328,10.0480190823,,,,
4.621484,9.70469904569,-1.23552898763,0.30859041959,1.60773781431,-0.840878721065,10.1208307846,,,,
4.62315,9.79546079616,-1.23552898763,0.0363051681779,1.28950576368,-0.876237837801,10.0844249334,,,,
4.624816,9.84084167139,-1.18938419796,0.263209544355,1.14806929673,-0.840878721065,10.1208307846,,,,
4.626482,9.79546079616,-1.14323940829,0.535494795768,1.32486488041,-0.805519604328,10.1936424868,,,,
4.628148,9.70469904569,-1.14323940829,0.580875671003,1.53701958084,-0.770160487591,10.3392658914,,,,
4.629814,9.75007992092,-1.09709461863,0.399352170061,1.43094223063,-0.770160487591,10.1936424868,,,,
4.63148,9.70469904569,-1.18938419796,0.30859041959,1.14806929673,-0.840878721065,10.1572366357,,,,
4.633146,9.56855641998,-1.2816737773,0.535494795768,1.18342841347,-0.946956071275,9.93880152889,,,,
4.634812,9.52317554475,-1.2816737773,0.535494795768,1.57237869757,-0.911596954538,9.90239567775,,,,
4.636478,9.38703291904,-1.32781856696,0.444733045297,1.892820693,-0.982315188012,9.68396057095,,,,
4.638144,9.3416520438,-1.2816737773,0.263209544355,2.49392567753,-0.911596954538,9.64755471982,,,,
4.63981,9.25089029333,-1.14323940829,0.0816860434134,2.74143949468,-0.840878721065,9.64755471982,,,,
4.641476,9.2055094181,-1.14323940829,0.0363051681779,2.63536214447,-0.73701131565,9.75677227322,,,,
4.643142,9.25089029333,-1.18938419796,0.172447793884,2.17569362689,-0.805519604328,9.61114886869,,,,
4.644808,9.3416520438,-1.14323940829,0.127066918649,2.2817709771,-0.73701131565,9.53833716642,,,,
4.646474,9.43241379427,-1.14323940829,0.127066918649,2.42320744405,-0.805519604328,9.61114886869,,,,
4.64814,9.47779466951,-1.23552898763,0.21782866912,2.74143949468,-0.805519604328,9.75677227322,,,,
4.649806,9.43241379427,-1.2816737773,0.0816860434134,2.67072126121,-0.840878721065,9.93880152889,,,,
4.651472,9.47779466951,-1.2816737773,-0.0998374575283,2.49392567753,-0.840878721065,9.90239567775,,,,
4.653138,9.47779466951,-1.2816737773,-0.0544565822929,2.21105274363,-0.770160487591,10.0480190823,,,,
4.654804,9.47779466951,-1.2816737773,-0.0544565822929,1.96353892647,-0.840878721065,10.0116132312,,,,
4.65647,9.47779466951,-1.23552898763,-0.00907570705749,2.03425715995,-0.73701131565,10.0480190823,,,,
4.658136,9.52317554475,-1.23552898763,0.21782866912,2.03425715995,-0.840878721065,9.93880152889,,,,
4.659802,9.43241379427,-1.23552898763,0.490113920532,2.31713009384,-0.840878721065,9.93880152889,,,,
4.661468,9.38703291904,-1.23552898763,0.444733045297,2.10497539342,-0.805519604328,10.0480190823,,,,
4.663134,9.3416520438,-1.23552898763,0.399352170061,1.46630134736,-0.840878721065,9.97520738002,,,,
4.6648,9.3416520438,-1.2816737773,0.444733045297,0.93591459631,-0.911596954538,9.90239567775,,,,
4.666466,9.3416520438,-1.2816737773,0.399352170061,1.2187875302,-0.911596954538,9.90239567775,,,,
4.668132,9.3416520438,-1.23552898763,0.353971294826,1.67845604778,-0.911596954538,10.0480190823,,,,
4.669798,9.43241379427,-1.23552898763,0.353971294826,1.92817980974,-0.876237837801,10.0480190823,,,,
4.671464,9.43241379427,-1.18938419796,0.172447793884,2.03425715995,-0.840878721065,9.93880152889,,,,
4.67313,9.47779466951,-1.14323940829,-0.0998374575283,2.03425715995,-0.73701131565,9.90239567775,,,,
4.674796,9.56855641998,-1.14323940829,-0.0544565822929,1.78453339799,-0.73701131565,9.93880152889,,,,
4.676462,9.52317554475,-1.14323940829,0.172447793884,1.53701958084,-0.73701131565,9.90239567775,,,,
4.678128,9.43241379427,-1.09709461863,0.399352170061,1.64309693105,-0.701652198914,9.75677227322,,,,
4.679794,9.43241379427,-1.09709461863,0.30859041959,2.17569362689,-0.701652198914,9.75677227322,,,,
4.68146,9.43241379427,-1.05094982896,0.0816860434134,2.63536214447,-0.701652198914,9.82958397549,,,,
4.683126,9.47779466951,-1.00480503929,-0.145218332764,2.74143949468,-0.666293082177,9.72036642209,,,,
4.684792,9.47779466951,-1.00480503929,-0.0998374575283,2.38784832731,-0.73701131565,9.57474301755,,,,
4.686458,9.47779466951,-1.00480503929,0.0363051681779,2.31713009384,-0.666293082177,9.53833716642,,,,
4.688124,9.38703291904,-1.05094982896,0.172447793884,2.17569362689,-0.701652198914,9.53833716642,,,,
4.68979,9.25089029333,-1.09709461863,0.444733045297,2.10497539342,-0.666293082177,9.61114886869,,,,
4.691456,9.25089029333,-1.09709461863,0.626256546238,1.96353892647,-0.73701131565,9.50193131529,,,,
4.693122,9.25089029333,-1.05094982896,0.717018296709,1.99889804321,-0.666293082177,9.61114886869,,,,
4.694788,9.25089029333,-1.09709461863,0.671637421474,1.78453339799,-0.770160487591,9.61114886869,,,,
4.696454,9.3416520438,-1.09709461863,0.444733045297,1.5016604641,-0.701652198914,9.72036642209,,,,
4.69812,9.47779466951,-1.09709461863,0.30859041959,1.2187875302,-0.805519604328,9.64755471982,,,,
4.699786,9.52317554475,-1.14323940829,0.30859041959,1.5016604641,-0.73701131565,9.82958397549,,,,
4.701452,9.52317554475,-1.14323940829,0.535494795768,1.57237869757,-0.805519604328,9.93880152889,,,,
4.703118,9.56855641998,-1.09709461863,0.626256546238,1.43094223063,-0.701652198914,10.0480190823,,,,
4.704784,9.61393729522,-1.09709461863,0.626256546238,1.00663282978,-0.666293082177,10.0480190823,,,,
4.70645,9.65931817045,-1.05094982896,0.626256546238,0.971273713047,-0.666293082177,9.93880152889,,,,
4.708116,9.65931817045,-0.958660249627,0.717018296709,1.11271017999,-0.560215731966,10.0480190823,,,,
4.709782,9.61393729522,-1.00480503929,0.535494795768,1.57237869757,-0.595574848703,9.93880152889,,,,
4.711448,9.61393729522,-1.00480503929,0.21782866912,2.17569362689,-0.52485661523,9.82958397549,,,,
4.713114,9.52317554475,-0.958660249627,0.0816860434134,2.42320744405,-0.595574848703,9.72036642209,,,,
4.71478,9.43241379427,-1.00480503929,-0.0544565822929,2.42320744405,-0.560215731966,9.64755471982,,,,
4.716446,9.3416520438,-0.958660249627,-0.00907570705749,1.99889804321,-0.560215731966,9.61114886869,,,,
4.718112,9.38703291904,-0.958660249627,0.0363051681779,1.99889804321,-0.560215731966,9.50193131529,,,,
4.719778,9.38703291904,-0.912515459961,0.21782866912,2.21105274363,-0.52485661523,9.53833716642,,,,
4.721444,9.3416520438,-0.866370670294,0.172447793884,2.49392567753,-0.489497498493,9.46552546415,,,,
4.72311,9.3416520438,-0.866370670294,-0.0998374575283,2.564643911,-0.454138381756,9.50193131529,,,,
4.724776,9.38703291904,-0.866370670294,-0.326741833705,2.63536214447,-0.418779265019,9.46552546415,,,,
4.726442,9.38703291904,-0.866370670294,-0.326741833705,2.564643911,-0.454138381756,9.50193131529,,,,
4.728108,9.38703291904,-0.912515459961,-0.145218332764,2.2817709771,-0.489497498493,9.53833716642,,,,
4.729774,9.3416520438,-0.912515459961,-0.0544565822929,2.06961627668,-0.52485661523,9.53833716642,,,,
4.73144,9.43241379427,-0.958660249627,0.0816860434134,2.14033451016,-0.52485661523,9.61114886869,,,,
4.733106,9.52317554475,-0.866370670294,0.444733045297,2.21105274363,-0.560215731966,9.72036642209,,,,
4.734772,9.43241379427,-0.958660249627,0.444733045297,2.03425715995,-0.560215731966,9.79317812435,,,,
4.736438,9.47779466951,-0.958660249627,0.399352170061,1.64309693105,-0.595574848703,9.79317812435,,,,
4.738104,9.61393729522,-0.912515459961,0.263209544355,1.39558311389,-0.52485661523,9.86598982662,,,,
4.73977,9.65931817045,-0.912515459961,0.353971294826,1.36022399715,-0.560215731966,9.82958397549,,,,
4.741436,9.61393729522,-0.958660249627,0.490113920532,1.53701958084,-0.560215731966,9.90239567775,,,,
4.743102,9.47779466951,-0.958660249627,0.444733045297,1.60773781431,-0.63093396544,9.90239567775,,,,
4.744768,9.47779466951,-0.958660249627,0.490113920532,1.64309693105,-0.595574848703,9.93880152889,,,,
4.746434,9.47779466951,-1.00480503929,0.535494795768,1.5016604641,-0.666293082177,9.79317812435,,,,
4.7481,9.43241379427,-1.05094982896,0.535494795768,1.36022399715,-0.63093396544,9.72036642209,,,,
4.749766,9.43241379427,-1.00480503929,0.399352170061,1.32486488041,-0.63093396544,9.61114886869,,,,
4.751432,9.38703291904,-1.00480503929,0.444733045297,1.57237869757,-0.560215731966,9.64755471982,,,,
4.753098,9.43241379427,-0.912515459961,0.444733045297,1.92817980974,-0.52485661523,9.57474301755,,,,
4.754764,9.43241379427,-0.866370670294,0.353971294826,2.21105274363,-0.454138381756,9.68396057095,,,,
4.75643,9.43241379427,-0.866370670294,0.0816860434134,2.06961627668,-0.52485661523,9.68396057095,,,,
4.758096,9.47779466951,-0.912515459961,-0.0544565822929,2.03425715995,-0.489497498493,9.72036642209,,,,
4.759762,9.52317554475,-0.912515459961,-0.0544565822929,1.92817980974,-0.560215731966,9.64755471982,,,,
4.761428,9.47779466951,-0.958660249627,0.127066918649,1.96353892647,-0.52485661523,9.68396057095,,,,
4.763094,9.47779466951,-1.00480503929,0.21782866912,1.96353892647,-0.560215731966,9.75677227322,,,,
4.76476,9.47779466951,-0.958660249627,0.21782866912,2.17569362689,-0.52485661523,9.72036642209,,,,
4.766426,9.47779466951,-0.958660249627,0.263209544355,2.10497539342,-0.489497498493,9.86598982662,,,,
4.768092,9.52317554475,-0.820225880627,0.490113920532,1.99889804321,-0.454138381756,9.72036642209,,,,
4.769758,9.43241379427,-0.866370670294,0.399352170061,1.74917428126,-0.418779265019,9.82958397549,,,,
4.771424,9.43241379427,-0.912515459961,0.353971294826,1.74917428126,-0.52485661523,9.75677227322,,,,
4.77309,9.38703291904,-0.958660249627,0.399352170061,1.85746157626,-0.489497498493,9.86598982662,,,,
4.774756,9.3416520438,-1.05094982896,0.580875671003,1.85746157626,-0.63093396544,9.82958397549,,,,
4.776422,9.3416520438,-1.09709461863,0.580875671003,1.78453339799,-0.560215731966,9.86598982662,,,,
4.778088,9.3416520438,-1.09709461863,0.580875671003,1.5016604641,-0.666293082177,9.86598982662,,,,
4.779754,9.38703291904,-1.05094982896,0.626256546238,1.36022399715,-0.63093396544,9.90239567775,,,,
4.78142,9.47779466951,-0.958660249627,0.717018296709,1.2187875302,-0.666293082177,9.86598982662,,,,
4.783086,9.38703291904,-1.05094982896,0.444733045297,1.46630134736,-0.560215731966,9.86598982662,,,,
4.784752,9.43241379427,-1.00480503929,0.30859041959,1.78453339799,-0.560215731966,9.93880152889,,,,
4.786418,9.43241379427,-0.958660249627,0.263209544355,2.06961627668,-0.63093396544,9.90239567775,,,,
4.788084,9.43241379427,-0.958660249627,0.0816860434134,2.06961627668,-0.63093396544,9.86598982662,,,,
4.78975,9.43241379427,-1.00480503929,-0.00907570705749,1.85746157626,-0.666293082177,9.82958397549,,,,
4.791416,9.52317554475,-0.958660249627,0.172447793884,1.892820693,-0.701652198914,9.82958397549,,,,
4.793082,9.43241379427,-1.09709461863,0.21782866912,2.10497539342,-0.701652198914,9.82958397549,,,,
4.794748,9.38703291904,-1.05094982896,0.21782866912,2.21105274363,-0.666293082177,9.82958397549,,,,
4.796414,9.43241379427,-1.00480503929,0.0816860434134,2.35248921058,-0.63093396544,9.75677227322,,,,
4.79808,9.43241379427,-0.958660249627,-0.235980083235,2.49392567753,-0.595574848703,9.79317812435,,,,
4.799746,9.43241379427,-1.00480503929,-0.326741833705,2.42320744405,-0.595574848703,9.75677227322,,,,
4.801412,9.43241379427,-1.00480503929,-0.235980083235,2.17569362689,-0.63093396544,9.75677227322,,,,
4.803078,9.38703291904,-1.05094982896,-0.235980083235,2.06961627668,-0.666293082177,9.64755471982,,,,
4.804744,9.3416520438,-1.09709461863,-0.0998374575283,2.14033451016,-0.701652198914,9.72036642209,,,,
4.80641,9.3416520438,-1.14323940829,0.127066918649,1.99889804321,-0.770160487591,9.86598982662,,,,
4.808076,9.29627116857,-1.18938419796,0.263209544355,1.81989251473,-0.805519604328,9.75677227322,,,,
4.809742,9.3416520438,-1.18938419796,0.353971294826,1.64309693105,-0.770160487591,9.82958397549,,,,
4.811408,9.38703291904,-1.14323940829,0.30859041959,1.53701958084,-0.770160487591,9.86598982662,,,,
4.813074,9.43241379427,-1.14323940829,0.399352170061,1.5016604641,-0.73701131565,9.90239567775,,,,
4.81474,9.47779466951,-1.09709461863,0.399352170061,1.64309693105,-0.770160487591,9.86598982662,,,,
4.816406,9.43241379427,-1.14323940829,0.490113920532,1.81989251473,-0.701652198914,10.0116132312,,,,
4.818072,9.47779466951,-1.14323940829,0.626256546238,1.74917428126,-0.805519604328,9.97520738002,,,,
4.819738,9.47779466951,-1.14323940829,0.671637421474,1.53701958084,-0.770160487591,10.0116132312,,,,
4.821404,9.52317554475,-1.14323940829,0.717018296709,1.36022399715,-0.805519604328,9.90239567775,,,,
4.82307,9.56855641998,-1.14323940829,0.671637421474,1.39558311389,-0.770160487591,9.97520738002,,,,
4.824736,9.52317554475,-1.09709461863,0.671637421474,1.53701958084,-0.805519604328,9.86598982662,,,,
4.826402,9.47779466951,-1.09709461863,0.535494795768,1.92817980974,-0.666293082177,9.90239567775,,,,
4.828068,9.56855641998,-1.00480503929,0.30859041959,2.06961627668,-0.666293082177,9.79317812435,,,,
4.829734,9.56855641998,-0.958660249627,0.172447793884,2.17569362689,-0.560215731966,9.86598982662,,,,
4.8314,9.56855641998,-0.866370670294,0.172447793884,1.96353892647,-0.560215731966,9.90239567775,,,,
4.833066,9.61393729522,-0.866370670294,0.127066918649,1.99889804321,-0.52485661523,9.72036642209,,,,
4.834732,9.61393729522,-0.912515459961,0.172447793884,2.10497539342,-0.52485661523,9.79317812435,,,,
4.836398,9.52317554475,-1.00480503929,0.263209544355,2.14033451016,-0.63093396544,9.72036642209,,,,
4.838064,9.52317554475,-0.958660249627,0.263209544355,2.31713009384,-0.560215731966,9.64755471982,,,,
4.83973,9.47779466951,-0.958660249627,0.127066918649,2.2817709771,-0.560215731966,9.68396057095,,,,
4.841396,9.52317554475,-1.00480503929,-0.0544565822929,2.21105274363,-0.560215731966,9.72036642209,,,,
4.843062,9.56855641998,-0.958660249627,-0.00907570705749,2.06961627668,-0.560215731966,9.72036642209,,,,
4.844728,9.56855641998,-0.958660249627,0.127066918649,1.92817980974,-0.595574848703,9.72036642209,,,,
4.846394,9.61393729522,-1.00480503929,0.263209544355,1.92817980974,-0.560215731966,9.86598982662,,,,
4.84806,9.79546079616,-0.912515459961,0.444733045297,2.03425715995,-0.63093396544,9.90239567775,,,,
4.849726,9.75007992092,-1.00480503929,0.444733045297,1.892820693,-0.63093396544,9.93880152889,,,,
4.851392,9.70469904569,-1.05094982896,0.580875671003,1.60773781431,-0.73701131565,9.90239567775,,,,
4.853058,9.70469904569,-1.09709461863,0.535494795768,1.5016604641,-0.73701131565,9.93880152889,,,,
4.854724,9.75007992092,-1.09709461863,0.490113920532,1.5016604641,-0.701652198914,9.97520738002,,,,
4.85639,9.65931817045,-1.09709461863,0.535494795768,1.57237869757,-0.701652198914,9.90239567775,,,,
4.858056,9.70469904569,-1.05094982896,0.580875671003,1.64309693105,-0.666293082177,9.90239567775,,,,
4.859722,9.61393729522,-1.00480503929,0.490113920532,1.81989251473,-0.666293082177,9.82958397549,,,,
4.861388,9.56855641998,-1.05094982896,0.399352170061,1.81989251473,-0.63093396544,9.86598982662,,,,
4.863054,9.56855641998,-1.09709461863,0.399352170061,1.64309693105,-0.701652198914,9.72036642209,,,,
4.86472,9.52317554475,-1.09709461863,0.353971294826,1.71381516452,-0.701652198914,9.68396057095,,,,
4.866386,9.52317554475,-1.09709461863,0.263209544355,1.892820693,-0.73701131565,9.64755471982,,,,
4.868052,9.56855641998,-1.09709461863,0.263209544355,2.14033451016,-0.666293082177,9.75677227322,,,,
4.869718,9.56855641998,-1.09709461863,0.172447793884,2.17569362689,-0.73701131565,9.64755471982,,,,
4.871384,9.56855641998,-1.05094982896,-0.0544565822929,2.31713009384,-0.666293082177,9.72036642209,,,,
4.87305,9.61393729522,-1.00480503929,-0.145218332764,2.21105274363,-0.666293082177,9.75677227322,,,,
4.874716,9.61393729522,-1.00480503929,-0.235980083235,2.31713009384,-0.595574848703,9.75677227322,,,,
4.876382,9.65931817045,-1.05094982896,-0.145218332764,2.2817709771,-0.595574848703,9.86598982662,,,,
4.878048,9.61393729522,-1.05094982896,-0.00907570705749,2.38784832731,-0.666293082177,9.75677227322,,,,
4.879714,9.65931817045,-1.09709461863,0.0363051681779,2.42320744405,-0.595574848703,9.90239567775,,,,
4.88138,9.61393729522,-1.09709461863,0.0363051681779,2.35248921058,-0.666293082177,9.86598982662,,,,
4.883046,9.65931817045,-1.14323940829,0.127066918649,2.21105274363,-0.666293082177,9.90239567775,,,,
4.884712,9.61393729522,-1.14323940829,0.263209544355,1.96353892647,-0.770160487591,9.90239567775,,,,
4.886378,9.65931817045,-1.18938419796,0.21782866912,1.99889804321,-0.73701131565,9.93880152889,,,,
4.888044,9.75007992092,-1.05094982896,0.353971294826,1.92817980974,-0.770160487591,10.0116132312,,,,
4.88971,9.61393729522,-1.18938419796,0.399352170061,1.99889804321,-0.770160487591,9.97520738002,,,,
4.891376,9.56855641998,-1.18938419796,0.444733045297,1.85746157626,-0.805519604328,9.93880152889,,,,
4.893042,9.52317554475,-1.23552898763,0.444733045297,1.67845604778,-0.840878721065,9.90239567775,,,,
4.894708,9.52317554475,-1.2816737773,0.535494795768,1.5016604641,-0.876237837801,9.97520738002,,,,
4.896374,9.47779466951,-1.2816737773,0.626256546238,1.43094223063,-0.911596954538,9.90239567775,,,,
4.89804,9.47779466951,-1.2816737773,0.671637421474,1.57237869757,-0.876237837801,9.90239567775,,,,
4.899706,9.43241379427,-1.2816737773,0.535494795768,1.78453339799,-0.911596954538,9.90239567775,,,,
4.901372,9.61393729522,-1.14323940829,0.580875671003,2.06961627668,-0.876237837801,9.97520738002,,,,
4.903038,9.52317554475,-1.23552898763,0.399352170061,2.06961627668,-0.840878721065,9.97520738002,,,,
4.904704,9.52317554475,-1.23552898763,0.263209544355,1.92817980974,-0.840878721065,9.86598982662,,,,
4.90637,9.56855641998,-1.23552898763,0.263209544355,1.99889804321,-0.876237837801,9.90239567775,,,,
4.908036,9.56855641998,-1.23552898763,0.263209544355,2.10497539342,-0.840878721065,9.93880152889,,,,
4.909702,9.61393729522,-1.23552898763,0.263209544355,2.06961627668,-0.876237837801,9.93880152889,,,,
4.911368,9.56855641998,-1.23552898763,0.21782866912,2.14033451016,-0.876237837801,9.82958397549,,,,
4.913034,9.52317554475,-1.23552898763,0.127066918649,2.21105274363,-0.876237837801,9.86598982662,,,,
4.9147,9.52317554475,-1.2816737773,-0.0544565822929,2.24641186037,-0.876237837801,9.86598982662,,,,
4.916366,9.47779466951,-1.2816737773,-0.0544565822929,2.10497539342,-0.876237837801,9.82958397549,,,,
4.918032,9.47779466951,-1.2816737773,-0.0544565822929,2.03425715995,-0.911596954538,9.72036642209,,,,
4.919698,9.47779466951,-1.2816737773,0.0363051681779,2.06961627668,-0.876237837801,9.86598982662,,,,
4.921364,9.43241379427,-1.32781856696,0.21782866912,2.03425715995,-0.946956071275,9.86598982662,,,,
4.92303,9.52317554475,-1.23552898763,0.399352170061,1.92817980974,-0.911596954538,9.90239567775,,,,
4.924696,9.43241379427,-1.32781856696,0.353971294826,1.81989251473,-0.982315188012,9.86598982662,,,,
4.926362,9.47779466951,-1.32781856696,0.399352170061,1.67845604778,-0.946956071275,9.97520738002,,,,
4.928028,9.43241379427,-1.37396335663,0.490113920532,1.53701958084,-0.982315188012,9.90239567775,,,,
4.929694,9.61393729522,-1.23552898763,0.535494795768,1.67845604778,-0.946956071275,10.0116132312,,,,
4.93136,9.52317554475,-1.32781856696,0.399352170061,1.78453339799,-1.01767430475,10.0116132312,,,,
4.933026,9.56855641998,-1.32781856696,0.399352170061,1.85746157626,-0.946956071275,10.0480190823,,,,
4.934692,9.52317554475,-1.2816737773,0.399352170061,1.71381516452,-0.982315188012,10.0116132312,,,,
4.936358,9.56855641998,-1.23552898763,0.444733045297,1.64309693105,-0.911596954538,10.0480190823,,,,
4.938024,9.65931817045,-1.18938419796,0.535494795768,1.64309693105,-0.946956071275,9.97520738002,,,,
4.93969,9.61393729522,-1.23552898763,0.444733045297,1.892820693,-0.911596954538,10.0116132312,,,,
4.941356,9.52317554475,-1.2816737773,0.30859041959,2.06961627668,-0.911596954538,9.90239567775,,,,
4.943022,9.47779466951,-1.23552898763,0.21782866912,2.21105274363,-0.840878721065,9.90239567775,,,,
4.944688,9.47779466951,-1.23552898763,0.0816860434134,2.2817709771,-0.911596954538,9.79317812435,,,,
4.946354,9.43241379427,-1.18938419796,-0.00907570705749,2.38784832731,-0.770160487591,9.79317812435,,,,
4.94802,9.38703291904,-1.18938419796,-0.0544565822929,2.2817709771,-0.876237837801,9.72036642209,,,,
4.949686,9.38703291904,-1.18938419796,-0.0544565822929,2.35248921058,-0.770160487591,9.72036642209,,,,
4.951352,9.38703291904,-1.18938419796,-0.00907570705749,2.35248921058,-0.73701131565,9.79317812435,,,,
4.953018,9.43241379427,-1.09709461863,0.127066918649,2.49392567753,-0.770160487591,9.72036642209,,,,
4.954684,9.47779466951,-1.09709461863,0.0816860434134,2.35248921058,-0.73701131565,9.86598982662,,,,
4.95635,9.47779466951,-1.14323940829,0.0363051681779,2.2817709771,-0.770160487591,9.79317812435,,,,
4.958016,9.52317554475,-1.18938419796,-0.00907570705749,2.21105274363,-0.666293082177,9.90239567775,,,,
4.959682,9.61393729522,-1.09709461863,0.21782866912,2.10497539342,-0.770160487591,9.86598982662,,,,
4.961348,9.61393729522,-1.14323940829,0.21782866912,2.17569362689,-0.701652198914,9.93880152889,,,,
4.963014,9.61393729522,-1.14323940829,0.21782866912,1.99889804321,-0.770160487591,9.97520738002,,,,
4.96468,9.65931817045,-1.18938419796,0.353971294826,1.92817980974,-0.770160487591,9.93880152889,,,,
4.966346,9.61393729522,-1.18938419796,0.399352170061,1.74917428126,-0.805519604328,9.93880152889,,,,
4.968012,9.65931817045,-1.09709461863,0.580875671003,1.57237869757,-0.770160487591,9.93880152889,,,,
4.969678,9.56855641998,-1.18938419796,0.535494795768,1.46630134736,-0.805519604328,9.93880152889,,,,
4.971344,9.56855641998,-1.18938419796,0.580875671003,1.53701958084,-0.770160487591,9.90239567775,,,,
4.97301,9.56855641998,-1.14323940829,0.626256546238,1.60773781431,-0.73701131565,9.90239567775,,,,
4.974676,9.47779466951,-1.14323940829,0.626256546238,1.67845604778,-0.805519604328,9.86598982662,,,,
4.976342,9.47779466951,-1.14323940829,0.490113920532,1.67845604778,-0.770160487591,9.82958397549,,,,
4.978008,9.52317554475,-1.09709461863,0.30859041959,1.67845604778,-0.701652198914,9.75677227322,,,,
4.979674,9.52317554475,-1.09709461863,0.353971294826,1.71381516452,-0.701652198914,9.72036642209,,,,
4.98134,9.47779466951,-1.09709461863,0.444733045297,1.74917428126,-0.701652198914,9.68396057095,,,,
4.983006,9.47779466951,-1.05094982896,0.263209544355,1.892820693,-0.666293082177,9.68396057095,,,,
4.984672,9.47779466951,-1.05094982896,0.172447793884,2.03425715995,-0.666293082177,9.72036642209,,,,
4.986338,9.61393729522,-0.912515459961,0.263209544355,2.03425715995,-0.63093396544,9.68396057095,,,,
4.988004,9.47779466951,-1.05094982896,0.0816860434134,2.06961627668,-0.595574848703,9.64755471982,,,,
4.98967,9.52317554475,-1.00480503929,-0.0544565822929,2.10497539342,-0.63093396544,9.61114886869,,,,
4.991336,9.56855641998,-0.958660249627,-0.0544565822929,2.17569362689,-0.560215731966,9.72036642209,,,,
4.993002,9.56855641998,-1.00480503929,0.0363051681779,2.14033451016,-0.63093396544,9.61114886869,,,,
4.994668,9.52317554475,-1.00480503929,0.0816860434134,2.17569362689,-0.595574848703,9.68396057095,,,,
4.996334,9.56855641998,-1.00480503929,0.127066918649,2.06961627668,-0.666293082177,9.68396057095,,,,
4.998,9.52317554475,-1.00480503929,0.127066918649,2.06961627668,-0.595574848703,9.75677227322,,,,
4.999666,9.56855641998,-0.958660249627,0.263209544355,1.81989251473,-0.666293082177,9.75677227322,,,,
5.001332,9.47779466951,-1.00480503929,0.353971294826,1.64309693105,-0.63093396544,9.72036642209,,,,
5.002998,9.47779466951,-1.00480503929,0.353971294826,1.74917428126,-0.52485661523,9.82958397549,,,,
5.004664,9.47779466951,-1.05094982896,0.30859041959,1.892820693,-0.63093396544,9.82958397549,,,,
5.00633,9.56855641998,-0.912515459961,0.444733045297,1.92817980974,-0.52485661523,9.86598982662,,,,
5.007996,9.47779466951,-0.958660249627,0.444733045297,1.64309693105,-0.63093396544,9.75677227322,,,,
5.009662,9.47779466951,-1.00480503929,0.444733045297,1.60773781431,-0.595574848703,9.75677227322,,,,
5.011328,9.47779466951,-1.00480503929,0.444733045297,1.60773781431,-0.63093396544,9.82958397549,,,,
5.012994,9.43241379427,-1.05094982896,0.490113920532,1.64309693105,-0.63093396544,9.79317812435,,,,
5.01466,9.52317554475,-1.00480503929,0.399352170061,1.71381516452,-0.595574848703,9.79317812435,,,,
5.016326,9.52317554475,-0.958660249627,0.30859041959,1.892820693,-0.595574848703,9.79317812435,,,,
5.017992,9.56855641998,-0.958660249627,0.172447793884,1.99889804321,-0.560215731966,9.86598982662,,,,
5.019658,9.65931817045,-0.912515459961,0.263209544355,1.99889804321,-0.63093396544,9.79317812435,,,,
5.021324,9.56855641998,-0.958660249627,0.0816860434134,1.99889804321,-0.560215731966,9.75677227322,,,,
5.02299,9.52317554475,-0.958660249627,0.0816860434134,2.06961627668,-0.560215731966,9.72036642209,,,,
5.024656,9.52317554475,-0.958660249627,0.0363051681779,2.17569362689,-0.560215731966,9.75677227322,,,,
5.026322,9.52317554475,-0.958660249627,0.172447793884,2.21105274363,-0.595574848703,9.64755471982,,,,
5.027988,9.56855641998,-0.866370670294,0.172447793884,2.21105274363,-0.560215731966,9.64755471982,,,,
5.029654,9.52317554475,-0.866370670294,0.172447793884,2.14033451016,-0.560215731966,9.61114886869,,,,
5.03132,9.43241379427,-0.958660249627,0.0363051681779,2.10497539342,-0.560215731966,9.64755471982,,,,
5.032986,9.38703291904,-0.958660249627,0.0816860434134,2.06961627668,-0.560215731966,9.64755471982,,,,
5.034652,9.38703291904,-0.958660249627,0.172447793884,2.03425715995,-0.595574848703,9.61114886869,,,,
5.036318,9.38703291904,-1.00480503929,0.21782866912,1.99889804321,-0.595574848703,9.68396057095,,,,
5.037984,9.3416520438,-1.00480503929,0.263209544355,1.892820693,-0.595574848703,9.72036642209,,,,
5.03965,9.43241379427,-0.958660249627,0.353971294826,1.74917428126,-0.63093396544,9.75677227322,,,,
5.041316,9.43241379427,-1.00480503929,0.399352170061,1.57237869757,-0.666293082177,9.79317812435,,,,
5.042982,9.43241379427,-1.05094982896,0.444733045297,1.5016604641,-0.63093396544,9.82958397549,,,,
5.044648,9.43241379427,-1.05094982896,0.444733045297,1.5016604641,-0.666293082177,9.86598982662,,,,
5.046314,9.56855641998,-0.958660249627,0.580875671003,1.57237869757,-0.63093396544,9.90239567775,,,,
5.04798,9.47779466951,-1.05094982896,0.490113920532,1.60773781431,-0.666293082177,9.86598982662,,,,
5.049646,9.47779466951,-1.00480503929,0.490113920532,1.60773781431,-0.63093396544,9.90239567775,,,,
5.051312,9.47779466951,-1.00480503929,0.444733045297,1.53701958084,-0.666293082177,9.82958397549,,,,
5.052978,9.47779466951,-1.00480503929,0.399352170061,1.60773781431,-0.63093396544,9.90239567775,,,,
5.054644,9.43241379427,-1.05094982896,0.444733045297,1.57237869757,-0.701652198914,9.75677227322,,,,
5.05631,9.38703291904,-1.05094982896,0.353971294826,1.81989251473,-0.63093396544,9.82958397549,,,,
5.057976,9.38703291904,-1.00480503929,0.30859041959,1.92817980974,-0.666293082177,9.72036642209,,,,
5.059642,9.38703291904,-1.00480503929,0.263209544355,1.99889804321,-0.595574848703,9.75677227322,,,,
5.061308,9.3416520438,-1.00480503929,0.172447793884,1.92817980974,-0.666293082177,9.75677227322,,,,
5.062974,9.3416520438,-1.00480503929,0.0363051681779,2.10497539342,-0.52485661523,9.68396057095,,,,
5.06464,9.3416520438,-0.958660249627,0.0816860434134,2.10497539342,-0.489497498493,9.75677227322,,,,
5.066306,9.3416520438,-0.958660249627,0.127066918649,2.06961627668,-0.560215731966,9.72036642209,,,,
5.067972,9.3416520438,-1.00480503929,0.0816860434134,2.24641186037,-0.560215731966,9.64755471982,,,,
5.069638,9.38703291904,-1.00480503929,0.0816860434134,2.17569362689,-0.560215731966,9.72036642209,,,,
5.071304,9.38703291904,-1.05094982896,0.172447793884,2.17569362689,-0.560215731966,9.75677227322,,,,
5.07297,9.38703291904,-1.05094982896,0.172447793884,2.03425715995,-0.63093396544,9.79317812435,,,,
5.074636,9.56855641998,-0.912515459961,0.21782866912,1.92817980974,-0.63093396544,9.75677227322,,,,
5.076302,9.47779466951,-1.00480503929,0.30859041959,1.85746157626,-0.63093396544,9.82958397549,,,,
5.077968,9.43241379427,-1.05094982896,0.399352170061,1.892820693,-0.666293082177,9.82958397549,,,,
5.079634,9.43241379427,-1.05094982896,0.399352170061,1.892820693,-0.666293082177,9.86598982662,,,,
5.0813,9.43241379427,-1.05094982896,0.399352170061,1.74917428126,-0.701652198914,9.86598982662,,,,
5.082966,9.43241379427,-1.09709461863,0.490113920532,1.64309693105,-0.701652198914,9.86598982662,,,,
5.084632,9.43241379427,-1.05094982896,0.535494795768,1.60773781431,-0.701652198914,9.86598982662,,,,
5.086298,9.43241379427,-1.09709461863,0.490113920532,1.53701958084,-0.666293082177,9.86598982662,,,,
5.087964,9.43241379427,-1.09709461863,0.490113920532,1.64309693105,-0.73701131565,9.82958397549,,,,
5.08963,9.38703291904,-1.09709461863,0.444733045297,1.74917428126,-0.701652198914,9.86598982662,,,,
5.091296,9.38703291904,-1.05094982896,0.30859041959,1.78453339799,-0.666293082177,9.82958397549,,,,
5.092962,9.43241379427,-1.05094982896,0.30859041959,1.74917428126,-0.666293082177,9.79317812435,,,,
5.094628,9.43241379427,-1.00480503929,0.127066918649,1.85746157626,-0.666293082177,9.75677227322,,,,
5.096294,9.43241379427,-1.00480503929,0.127066918649,1.96353892647,-0.63093396544,9.72036642209,,,,
5.09796,9.43241379427,-1.00480503929,0.127066918649,1.99889804321,-0.63093396544,9.75677227322,,,,
5.099626,9.43241379427,-1.00480503929,0.0816860434134,2.03425715995,-0.666293082177,9.72036642209,,,,
5.101292,9.47779466951,-0.958660249627,-0.0544565822929,2.17569362689,-0.560215731966,9.79317812435,,,,
5.102958,9.52317554475,-0.958660249627,-0.0544565822929,2.10497539342,-0.595574848703,9.72036642209,,,,
5.104624,9.52317554475,-0.958660249627,0.0363051681779,2.10497539342,-0.560215731966,9.75677227322,,,,
5.10629,9.47779466951,-0.958660249627,-0.0998374575283,2.14033451016,-0.595574848703,9.64755471982,,,,
5.107956,9.52317554475,-0.912515459961,-0.00907570705749,2.17569362689,-0.52485661523,9.75677227322,,,,
5.109622,9.52317554475,-0.958660249627,0.0816860434134,2.10497539342,-0.63093396544,9.72036642209,,,,
5.111288,9.43241379427,-0.958660249627,0.0816860434134,2.03425715995,-0.560215731966,9.72036642209,,,,
5.112954,9.43241379427,-0.958660249627,0.172447793884,1.92817980974,-0.595574848703,9.68396057095,,,,
5.11462,9.43241379427,-1.00480503929,0.263209544355,1.81989251473,-0.63093396544,9.75677227322,,,,
5.116286,9.43241379427,-1.00480503929,0.353971294826,1.78453339799,-0.666293082177,9.64755471982,,,,
5.117952,9.43241379427,-1.00480503929,0.444733045297,1.71381516452,-0.595574848703,9.72036642209,,,,
5.119618,9.43241379427,-1.05094982896,0.490113920532,1.67845604778,-0.666293082177,9.64755471982,,,,
5.121284,9.47779466951,-1.00480503929,0.535494795768,1.71381516452,-0.63093396544,9.82958397549,,,,
5.12295,9.43241379427,-1.00480503929,0.444733045297,1.64309693105,-0.666293082177,9.68396057095,,,,
5.124616,9.47779466951,-1.05094982896,0.580875671003,1.60773781431,-0.595574848703,9.79317812435,,,,
5.126282,9.47779466951,-1.05094982896,0.535494795768,1.5016604641,-0.666293082177,9.82958397549,,,,
5.127948,9.52317554475,-1.00480503929,0.490113920532,1.60773781431,-0.595574848703,9.82958397549,,,,
5.129614,9.52317554475,-1.00480503929,0.535494795768,1.60773781431,-0.666293082177,9.90239567775,,,,
5.13128,9.56855641998,-1.00480503929,0.490113920532,1.74917428126,-0.595574848703,9.86598982662,,,,
5.132946,9.65931817045,-0.912515459961,0.444733045297,1.81989251473,-0.52485661523,9.93880152889,,,,
5.134612,9.56855641998,-1.00480503929,0.263209544355,1.892820693,-0.595574848703,9.79317812435,,,,
5.136278,9.56855641998,-0.958660249627,0.172447793884,2.03425715995,-0.52485661523,9.79317812435,,,,
5.137944,9.61393729522,-0.958660249627,0.127066918649,2.03425715995,-0.560215731966,9.79317812435,,,,
5.13961,9.56855641998,-0.958660249627,0.127066918649,2.14033451016,-0.52485661523,9.75677227322,,,,
5.141276,9.52317554475,-1.00480503929,0.127066918649,2.10497539342,-0.560215731966,9.72036642209,,,,
5.142942,9.61393729522,-0.958660249627,0.0363051681779,2.21105274363,-0.52485661523,9.75677227322,,,,
5.144608,9.52317554475,-1.00480503929,0.127066918649,2.17569362689,-0.595574848703,9.72036642209,,,,
5.146274,9.52317554475,-1.00480503929,0.127066918649,2.14033451016,-0.63093396544,9.68396057095,,,,
5.14794,9.52317554475,-1.05094982896,0.0363051681779,2.10497539342,-0.63093396544,9.72036642209,,,,
5.149606,9.52317554475,-1.00480503929,0.127066918649,2.03425715995,-0.63093396544,9.75677227322,,,,
5.151272,9.47779466951,-1.05094982896,0.172447793884,1.99889804321,-0.63093396544,9.75677227322,,,,
5.152938,9.56855641998,-1.00480503929,0.353971294826,1.99889804321,-0.701652198914,9.75677227322,,,,
5.154604,9.61393729522,-0.958660249627,0.353971294826,1.99889804321,-0.666293082177,9.82958397549,,,,
5.15627,9.56855641998,-1.00480503929,0.444733045297,1.85746157626,-0.666293082177,9.86598982662,,,,
5.157936,9.56855641998,-1.09709461863,0.399352170061,1.74917428126,-0.701652198914,9.82958397549,,,,
5.159602,9.52317554475,-1.09709461863,0.353971294826,1.74917428126,-0.73701131565,9.90239567775,,,,
5.161268,9.56855641998,-1.09709461863,0.444733045297,1.85746157626,-0.73701131565,9.90239567775,,,,
5.162934,9.56855641998,-1.14323940829,0.444733045297,1.892820693,-0.770160487591,9.90239567775,,,,
5.1646,9.52317554475,-1.09709461863,0.353971294826,1.892820693,-0.73701131565,9.86598982662,,,,
5.166266,9.56855641998,-1.09709461863,0.30859041959,1.78453339799,-0.770160487591,9.93880152889,,,,
5.167932,9.56855641998,-1.09709461863,0.353971294826,1.81989251473,-0.770160487591,9.90239567775,,,,
5.169598,9.52317554475,-1.09709461863,0.263209544355,1.92817980974,-0.770160487591,9.86598982662,,,,
5.171264,9.52317554475,-1.14323940829,0.21782866912,1.99889804321,-0.770160487591,9.82958397549,,,,
5.17293,9.56855641998,-1.05094982896,0.263209544355,2.06961627668,-0.73701131565,9.82958397549,,,,
5.174596,9.47779466951,-1.09709461863,0.127066918649,2.10497539342,-0.770160487591,9.75677227322,,,,
5.176262,9.43241379427,-1.14323940829,0.0363051681779,2.17569362689,-0.770160487591,9.79317812435,,,,
5.177928,9.43241379427,-1.14323940829,0.0363051681779,2.14033451016,-0.770160487591,9.75677227322,,,,
5.179594,9.43241379427,-1.14323940829,0.0363051681779,2.21105274363,-0.73701131565,9.79317812435,,,,
5.18126,9.47779466951,-1.14323940829,-0.00907570705749,2.21105274363,-0.770160487591,9.72036642209,,,,
5.182926,9.47779466951,-1.14323940829,0.0363051681779,2.17569362689,-0.73701131565,9.82958397549,,,,
5.184592,9.47779466951,-1.18938419796,0.0816860434134,2.10497539342,-0.805519604328,9.79317812435,,,,
5.186258,9.52317554475,-1.14323940829,0.0816860434134,2.10497539342,-0.73701131565,9.90239567775,,,,
5.187924,9.56855641998,-1.14323940829,0.21782866912,1.99889804321,-0.840878721065,9.86598982662,,,,
5.18959,9.56855641998,-1.18938419796,0.263209544355,1.92817980974,-0.805519604328,9.93880152889,,,,
5.191256,9.56855641998,-1.14323940829,0.353971294826,1.892820693,-0.876237837801,9.82958397549,,,,
5.192922,9.52317554475,-1.18938419796,0.399352170061,1.92817980974,-0.805519604328,10.0116132312,,,,
5.194588,9.61393729522,-1.14323940829,0.580875671003,1.74917428126,-0.946956071275,9.90239567775,,,,
5.196254,9.52317554475,-1.23552898763,0.444733045297,1.78453339799,-0.840878721065,9.97520738002,,,,
5.19792,9.56855641998,-1.18938419796,0.535494795768,1.64309693105,-0.876237837801,10.0480190823,,,,
5.199586,9.47779466951,-1.2816737773,0.580875671003,1.71381516452,-0.876237837801,9.97520738002,,,,
5.201252,9.52317554475,-1.18938419796,0.671637421474,1.60773781431,-0.840878721065,10.0480190823,,,,
5.202918,9.47779466951,-1.23552898763,0.490113920532,1.71381516452,-0.840878721065,9.97520738002,,,,
5.204584,9.43241379427,-1.2816737773,0.490113920532,1.74917428126,-0.770160487591,10.0480190823,,,,
5.20625,9.47779466951,-1.2816737773,0.399352170061,1.81989251473,-0.805519604328,9.93880152889,,,,
5.207916,9.52317554475,-1.18938419796,0.444733045297,1.92817980974,-0.770160487591,9.97520738002,,,,
5.209582,9.52317554475,-1.18938419796,0.30859041959,1.892820693,-0.805519604328,9.90239567775,,,,
5.211248,9.47779466951,-1.23552898763,0.21782866912,2.06961627668,-0.770160487591,9.90239567775,,,,
5.212914,9.52317554475,-1.18938419796,0.172447793884,2.10497539342,-0.805519604328,9.90239567775,,,,
5.21458,9.52317554475,-1.18938419796,0.172447793884,2.17569362689,-0.805519604328,9.90239567775,,,,
5.216246,9.56855641998,-1.18938419796,0.0816860434134,2.21105274363,-0.770160487591,9.90239567775,,,,
5.217912,9.56855641998,-1.09709461863,0.0363051681779,2.24641186037,-0.770160487591,9.90239567775,,,,
5.219578,9.56855641998,-1.14323940829,0.0363051681779,2.24641186037,-0.770160487591,9.86598982662,,,,
5.221244,9.56855641998,-1.14323940829,0.127066918649,2.21105274363,-0.805519604328,9.86598982662,,,,
5.22291,9.52317554475,-1.14323940829,-0.00907570705749,2.21105274363,-0.770160487591,9.86598982662,,,,
5.224576,9.56855641998,-1.14323940829,0.0363051681779,2.17569362689,-0.770160487591,9.86598982662,,,,
5.226242,9.52317554475,-1.18938419796,0.0816860434134,2.10497539342,-0.770160487591,9.90239567775,,,,
5.227908,9.52317554475,-1.18938419796,0.127066918649,2.06961627668,-0.770160487591,9.86598982662,,,,
5.229574,9.52317554475,-1.14323940829,0.21782866912,1.99889804321,-0.805519604328,9.90239567775,,,,
5.23124,9.52317554475,-1.18938419796,0.30859041959,1.892820693,-0.805519604328,9.86598982662,,,,
5.232906,9.52317554475,-1.18938419796,0.30859041959,1.892820693,-0.770160487591,9.90239567775,,,,
5.234572,9.61393729522,-1.05094982896,0.444733045297,1.81989251473,-0.805519604328,9.90239567775,,,,
5.236238,9.52317554475,-1.18938419796,0.444733045297,1.81989251473,-0.770160487591,9.90239567775,,,,
5.237904,9.56855641998,-1.14323940829,0.399352170061,1.892820693,-0.770160487591,9.93880152889,,,,
5.23957,9.56855641998,-1.14323940829,0.399352170061,1.85746157626,-0.805519604328,9.93880152889,,,,
5.241236,9.56855641998,-1.14323940829,0.444733045297,1.74917428126,-0.73701131565,9.90239567775,,,,
5.242902,9.56855641998,-1.14323940829,0.399352170061,1.74917428126,-0.770160487591,9.90239567775,,,,
5.244568,9.61393729522,-1.09709461863,0.30859041959,1.92817980974,-0.701652198914,9.90239567775,,,,
5.246234,9.61393729522,-1.09709461863,0.30859041959,1.96353892647,-0.73701131565,9.90239567775,,,,
5.2479,9.65931817045,-1.09709461863,0.30859041959,1.96353892647,-0.666293082177,9.86598982662,,,,
5.249566,9.65931817045,-1.00480503929,0.263209544355,1.99889804321,-0.701652198914,9.82958397549,,,,
5.251232,9.65931817045,-1.00480503929,0.127066918649,2.06961627668,-0.63093396544,9.86598982662,,,,
5.252898,9.61393729522,-1.05094982896,0.172447793884,2.06961627668,-0.666293082177,9.82958397549,,,,
5.254564,9.61393729522,-1.00480503929,0.0816860434134,2.17569362689,-0.666293082177,9.82958397549,,,,
5.25623,9.56855641998,-1.00480503929,0.0816860434134,2.10497539342,-0.666293082177,9.72036642209,,,,
5.257896,9.61393729522,-1.00480503929,0.0816860434134,2.14033451016,-0.595574848703,9.79317812435,,,,
5.259562,9.61393729522,-1.00480503929,0.127066918649,2.06961627668,-0.666293082177,9.72036642209,,,,
5.261228,9.56855641998,-1.00480503929,0.172447793884,2.14033451016,-0.560215731966,9.79317812435,,,,
5.262894,9.56855641998,-1.00480503929,0.21782866912,1.96353892647,-0.666293082177,9.86598982662,,,,
5.26456,9.56855641998,-1.00480503929,0.172447793884,2.03425715995,-0.560215731966,9.82958397549,,,,
5.266226,9.56855641998,-1.00480503929,0.21782866912,2.03425715995,-0.489497498493,9.90239567775,,,,
5.267892,9.70469904569,-0.912515459961,0.444733045297,1.92817980974,-0.595574848703,9.86598982662,,,,
5.269558,9.61393729522,-1.00480503929,0.444733045297,1.96353892647,-0.52485661523,9.90239567775,,,,
5.271224,9.70469904569,-0.912515459961,0.490113920532,1.78453339799,-0.63093396544,9.93880152889,,,,
5.27289,9.61393729522,-1.05094982896,0.490113920532,1.74917428126,-0.595574848703,9.93880152889,,,,
5.274556,9.61393729522,-1.05094982896,0.535494795768,1.64309693105,-0.63093396544,9.93880152889,,,,
5.276222,9.61393729522,-1.00480503929,0.490113920532,1.74917428126,-0.595574848703,9.90239567775,,,,
5.277888,9.61393729522,-1.00480503929,0.535494795768,1.67845604778,-0.63093396544,9.93880152889,,,,
5.279554,9.61393729522,-1.00480503929,0.535494795768,1.74917428126,-0.63093396544,9.93880152889,,,,
5.28122,9.61393729522,-1.00480503929,0.444733045297,1.71381516452,-0.560215731966,9.90239567775,,,,
5.282886,9.56855641998,-1.00480503929,0.353971294826,1.71381516452,-0.63093396544,9.86598982662,,,,
5.284552,9.56855641998,-1.00480503929,0.353971294826,1.78453339799,-0.595574848703,9.86598982662,,,,
5.286218,9.56855641998,-1.00480503929,0.263209544355,1.892820693,-0.63093396544,9.86598982662,,,,
5.287884,9.56855641998,-1.00480503929,0.263209544355,1.92817980974,-0.63093396544,9.79317812435,,,,
5.28955,9.56855641998,-0.958660249627,0.30859041959,1.92817980974,-0.63093396544,9.75677227322,,,,
5.291216,9.56855641998,-1.00480503929,0.172447793884,2.03425715995,-0.595574848703,9.75677227322,,,,
5.292882,9.56855641998,-1.00480503929,0.0816860434134,2.06961627668,-0.560215731966,9.75677227322,,,,
5.294548,9.52317554475,-1.00480503929,0.127066918649,2.06961627668,-0.63093396544,9.72036642209,,,,
5.296214,9.47779466951,-1.00480503929,0.0816860434134,2.17569362689,-0.595574848703,9.72036642209,,,,
5.29788,9.47779466951,-0.958660249627,0.127066918649,2.17569362689,-0.63093396544,9.75677227322,,,,
5.299546,9.52317554475,-0.958660249627,0.127066918649,2.10497539342,-0.63093396544,9.79317812435,,,,
5.301212,9.52317554475,-1.00480503929,0.127066918649,2.06961627668,-0.63093396544,9.75677227322,,,,
5.302878,9.56855641998,-1.00480503929,0.172447793884,2.06961627668,-0.63093396544,9.82958397549,,,,
5.304544,9.56855641998,-1.00480503929,0.21782866912,1.96353892647,-0.666293082177,9.79317812435,,,,
5.30621,9.52317554475,-1.00480503929,0.30859041959,1.892820693,-0.63093396544,9.86598982662,,,,
5.307876,9.47779466951,-1.00480503929,0.30859041959,1.85746157626,-0.666293082177,9.82958397549,,,,
5.309542,9.52317554475,-1.00480503929,0.399352170061,1.85746157626,-0.63093396544,9.86598982662,,,,
5.311208,9.52317554475,-1.05094982896,0.399352170061,1.74917428126,-0.73701131565,9.82958397549,,,,
5.312874,9.47779466951,-1.05094982896,0.353971294826,1.78453339799,-0.666293082177,9.90239567775,,,,
5.31454,9.56855641998,-0.958660249627,0.444733045297,1.64309693105,-0.73701131565,9.86598982662,,,,
5.316206,9.43241379427,-1.09709461863,0.353971294826,1.71381516452,-0.666293082177,9.90239567775,,,,
5.317872,9.43241379427,-1.09709461863,0.399352170061,1.71381516452,-0.63093396544,9.93880152889,,,,
5.319538,9.43241379427,-1.05094982896,0.30859041959,1.78453339799,-0.666293082177,9.86598982662,,,,
5.321204,9.47779466951,-1.05094982896,0.353971294826,1.85746157626,-0.560215731966,9.93880152889,,,,
5.32287,9.47779466951,-1.05094982896,0.30859041959,1.85746157626,-0.63093396544,9.86598982662,,,,
5.324536,9.47779466951,-1.00480503929,0.172447793884,1.96353892647,-0.52485661523,9.86598982662,,,,
5.326202,9.56855641998,-0.912515459961,0.30859041959,1.92817980974,-0.595574848703,9.82958397549,,,,
5.327868,9.52317554475,-1.00480503929,0.127066918649,2.10497539342,-0.560215731966,9.86598982662,,,,
5.329534,9.52317554475,-1.00480503929,0.0816860434134,2.06961627668,-0.560215731966,9.86598982662,,,,
5.3312,9.52317554475,-0.958660249627,0.0816860434134,2.10497539342,-0.595574848703,9.79317812435,,,,
5.332866,9.47779466951,-1.00480503929,0.127066918649,2.03425715995,-0.595574848703,9.82958397549,,,,
5.334532,9.47779466951,-1.00480503929,0.0816860434134,2.06961627668,-0.63093396544,9.79317812435,,,,
5.336198,9.47779466951,-1.00480503929,0.127066918649,2.06961627668,-0.560215731966,9.82958397549,,,,
5.337864,9.47779466951,-1.00480503929,0.172447793884,2.03425715995,-0.63093396544,9.79317812435,,,,
5.33953,9.47779466951,-1.00480503929,0.172447793884,1.96353892647,-0.63093396544,9.79317812435,,,,
5.341196,9.38703291904,-1.00480503929,0.21782866912,1.92817980974,-0.63093396544,9.75677227322,,,,
5.342862,9.38703291904,-1.05094982896,0.30859041959,1.85746157626,-0.666293082177,9.75677227322,,,,
5.344528,9.38703291904,-1.05094982896,0.353971294826,1.78453339799,-0.666293082177,9.75677227322,,,,
5.346194,9.38703291904,-1.05094982896,0.399352170061,1.74917428126,-0.666293082177,9.75677227322,,,,
5.34786,9.38703291904,-1.05094982896,0.444733045297,1.64309693105,-0.666293082177,9.79317812435,,,,
5.349526,9.38703291904,-1.09709461863,0.580875671003,1.64309693105,-0.701652198914,9.75677227322,,,,
5.351192,9.38703291904,-1.09709461863,0.535494795768,1.60773781431,-0.666293082177,9.79317812435,,,,
5.352858,9.43241379427,-1.09709461863,0.535494795768,1.60773781431,-0.73701131565,9.79317812435,,,,
5.354524,9.43241379427,-1.05094982896,0.535494795768,1.60773781431,-0.666293082177,9.86598982662,,,,
5.35619,9.47779466951,-1.05094982896,0.444733045297,1.60773781431,-0.666293082177,9.79317812435,,,,
5.357856,9.47779466951,-1.05094982896,0.444733045297,1.64309693105,-0.666293082177,9.86598982662,,,,
5.359522,9.52317554475,-0.958660249627,0.490113920532,1.71381516452,-0.701652198914,9.82958397549,,,,
5.361188,9.47779466951,-1.05094982896,0.30859041959,1.78453339799,-0.666293082177,9.82958397549,,,,
5.362854,9.47779466951,-1.05094982896,0.30859041959,1.85746157626,-0.701652198914,9.75677227322,,,,
5.36452,9.47779466951,-1.05094982896,0.263209544355,1.92817980974,-0.666293082177,9.75677227322,,,,
5.366186,9.43241379427,-1.00480503929,0.172447793884,1.92817980974,-0.666293082177,9.68396057095,,,,
5.367852,9.43241379427,-1.00480503929,0.0816860434134,2.03425715995,-0.595574848703,9.72036642209,,,,
5.369518,9.47779466951,-1.00480503929,0.0816860434134,2.06961627668,-0.63093396544,9.64755471982,,,,
5.371184,9.43241379427,-1.00480503929,0.0363051681779,2.10497539342,-0.595574848703,9.72036642209,,,,
5.37285,9.38703291904,-1.05094982896,-0.00907570705749,2.03425715995,-0.666293082177,9.61114886869,,,,
5.374516,9.43241379427,-1.00480503929,0.0363051681779,2.06961627668,-0.63093396544,9.68396057095,,,,
5.376182,9.43241379427,-1.00480503929,0.0363051681779,2.03425715995,-0.666293082177,9.61114886869,,,,
5.377848,9.38703291904,-1.05094982896,0.0816860434134,2.03425715995,-0.63093396544,9.68396057095,,,,
5.379514,9.38703291904,-1.05094982896,0.127066918649,1.892820693,-0.73701131565,9.68396057095,,,,
5.38118,9.43241379427,-1.05094982896,0.127066918649,1.96353892647,-0.63093396544,9.72036642209,,,,
5.382846,9.47779466951,-1.00480503929,0.172447793884,1.892820693,-0.560215731966,9.82958397549,,,,
5.384512,9.43241379427,-1.00480503929,0.263209544355,1.81989251473,-0.666293082177,9.75677227322,,,,
5.386178,9.47779466951,-1.00480503929,0.353971294826,1.81989251473,-0.52485661523,9.82958397549,,,,
5.387844,9.43241379427,-1.05094982896,0.30859041959,1.81989251473,-0.63093396544,9.79317812435,,,,
5.38951,9.47779466951,-1.05094982896,0.30859041959,1.78453339799,-0.560215731966,9.90239567775,,,,
5.391176,9.47779466951,-1.05094982896,0.399352170061,1.74917428126,-0.63093396544,9.75677227322,,,,
5.392842,9.47779466951,-1.05094982896,0.353971294826,1.85746157626,-0.560215731966,9.75677227322,,,,
5.394508,9.47779466951,-1.05094982896,0.399352170061,1.78453339799,-0.63093396544,9.75677227322,,,,
5.396174,9.47779466951,-1.05094982896,0.353971294826,1.81989251473,-0.63093396544,9.75677227322,,,,
5.39784,9.47779466951,-1.05094982896,0.263209544355,1.74917428126,-0.63093396544,9.72036642209,,,,
5.399506,9.43241379427,-1.05094982896,0.263209544355,1.85746157626,-0.63093396544,9.72036642209,,,,
5.401172,9.47779466951,-1.00480503929,0.263209544355,1.92817980974,-0.63093396544,9.72036642209,,,,
5.402838,9.43241379427,-1.00480503929,0.21782866912,1.92817980974,-0.63093396544,9.64755471982,,,,
5.404504,9.47779466951,-1.00480503929,0.127066918649,1.96353892647,-0.595574848703,9.64755471982,,,,
5.40617,9.43241379427,-1.05094982896,0.172447793884,1.92817980974,-0.63093396544,9.61114886869,,,,
5.407836,9.43241379427,-1.05094982896,0.127066918649,1.99889804321,-0.595574848703,9.64755471982,,,,
5.409502,9.43241379427,-1.05094982896,0.127066918649,1.99889804321,-0.666293082177,9.61114886869,,,,
5.411168,9.52317554475,-0.958660249627,0.21782866912,2.03425715995,-0.63093396544,9.61114886869,,,,
5.412834,9.47779466951,-1.05094982896,0.127066918649,1.96353892647,-0.666293082177,9.61114886869,,,,
5.4145,9.47779466951,-1.05094982896,0.127066918649,1.96353892647,-0.666293082177,9.64755471982,,,,
5.416166,9.43241379427,-1.05094982896,0.172447793884,1.92817980974,-0.666293082177,9.72036642209,,,,
5.417832,9.47779466951,-1.09709461863,0.21782866912,1.892820693,-0.701652198914,9.72036642209,,,,
5.419498,9.61393729522,-0.958660249627,0.399352170061,1.892820693,-0.701652198914,9.75677227322,,,,
5.421164,9.43241379427,-1.09709461863,0.30859041959,1.78453339799,-0.701652198914,9.68396057095,,,,
5.42283,9.43241379427,-1.14323940829,0.353971294826,1.74917428126,-0.73701131565,9.75677227322,,,,
5.424496,9.47779466951,-1.14323940829,0.399352170061,1.71381516452,-0.770160487591,9.72036642209,,,,
5.426162,9.38703291904,-1.14323940829,0.444733045297,1.74917428126,-0.73701131565,9.75677227322,,,,
5.427828,9.38703291904,-1.14323940829,0.444733045297,1.64309693105,-0.770160487591,9.72036642209,,,,
5.429494,9.52317554475,-1.05094982896,0.535494795768,1.71381516452,-0.770160487591,9.75677227322,,,,
5.43116,9.38703291904,-1.14323940829,0.444733045297,1.71381516452,-0.805519604328,9.72036642209,,,,
5.432826,9.38703291904,-1.18938419796,0.444733045297,1.71381516452,-0.770160487591,9.75677227322,,,,
5.434492,9.38703291904,-1.18938419796,0.399352170061,1.74917428126,-0.805519604328,9.72036642209,,,,
5.436158,9.52317554475,-1.05094982896,0.399352170061,1.85746157626,-0.770160487591,9.82958397549,,,,
5.437824,9.52317554475,-1.09709461863,0.353971294826,1.81989251473,-0.840878721065,9.72036642209,,,,
5.43949,9.56855641998,-1.09709461863,0.353971294826,1.92817980974,-0.770160487591,9.75677227322,,,,
5.441156,9.56855641998,-1.05094982896,0.21782866912,1.92817980974,-0.876237837801,9.75677227322,,,,
5.442822,9.52317554475,-1.14323940829,0.0816860434134,2.03425715995,-0.770160487591,9.82958397549,,,,
5.444488,9.47779466951,-1.14323940829,0.0363051681779,1.99889804321,-0.73701131565,9.86598982662,,,,
5.446154,9.47779466951,-1.14323940829,0.0363051681779,2.10497539342,-0.770160487591,9.75677227322,,,,
5.44782,9.47779466951,-1.14323940829,-0.00907570705749,2.06961627668,-0.770160487591,9.90239567775,,,,
5.449486,9.47779466951,-1.18938419796,0.0363051681779,2.21105274363,-0.770160487591,9.75677227322,,,,
5.451152,9.43241379427,-1.18938419796,0.0816860434134,2.21105274363,-0.701652198914,9.82958397549,,,,
5.452818,9.47779466951,-1.18938419796,-0.00907570705749,2.17569362689,-0.805519604328,9.75677227322,,,,
5.454484,9.47779466951,-1.23552898763,0.0816860434134,2.17569362689,-0.73701131565,9.82958397549,,,,
5.45615,9.38703291904,-1.23552898763,0.127066918649,2.06961627668,-0.805519604328,9.82958397549,,,,
5.457816,9.43241379427,-1.23552898763,0.127066918649,2.14033451016,-0.805519604328,9.79317812435,,,,
5.459482,9.47779466951,-1.23552898763,0.30859041959,1.99889804321,-0.840878721065,9.79317812435,,,,
5.461148,9.47779466951,-1.23552898763,0.30859041959,1.96353892647,-0.911596954538,9.82958397549,,,,
5.462814,9.43241379427,-1.2816737773,0.30859041959,1.892820693,-0.840878721065,9.86598982662,,,,
5.46448,9.38703291904,-1.2816737773,0.30859041959,1.78453339799,-0.876237837801,9.86598982662,,,,
5.466146,9.52317554475,-1.18938419796,0.444733045297,1.81989251473,-0.876237837801,9.90239567775,,,,
5.467812,9.56855641998,-1.18938419796,0.444733045297,1.85746157626,-0.876237837801,9.86598982662,,,,
5.469478,9.56855641998,-1.18938419796,0.444733045297,1.78453339799,-0.911596954538,9.90239567775,,,,
5.471144,9.56855641998,-1.18938419796,0.444733045297,1.78453339799,-0.911596954538,9.90239567775,,,,
5.47281,9.52317554475,-1.23552898763,0.353971294826,1.85746157626,-0.876237837801,9.86598982662,,,,
5.474476,9.52317554475,-1.23552898763,0.353971294826,1.92817980974,-0.840878721065,9.90239567775,,,,
5.476142,9.47779466951,-1.23552898763,0.30859041959,1.92817980974,-0.876237837801,9.86598982662,,,,
5.477808,9.47779466951,-1.23552898763,0.21782866912,1.99889804321,-0.840878721065,9.86598982662,,,,
5.479474,9.52317554475,-1.23552898763,0.127066918649,1.99889804321,-0.840878721065,9.82958397549,,,,
5.48114,9.52317554475,-1.23552898763,0.172447793884,1.99889804321,-0.840878721065,9.82958397549,,,,
5.482806,9.47779466951,-1.23552898763,0.172447793884,1.99889804321,-0.876237837801,9.79317812435,,,,
5.484472,9.43241379427,-1.23552898763,0.0363051681779,2.10497539342,-0.805519604328,9.79317812435,,,,
5.486138,9.61393729522,-1.09709461863,0.172447793884,2.06961627668,-0.840878721065,9.75677227322,,,,
5.487804,9.47779466951,-1.18938419796,0.172447793884,2.06961627668,-0.840878721065,9.79317812435,,,,
5.48947,9.47779466951,-1.18938419796,0.0816860434134,1.99889804321,-0.911596954538,9.72036642209,,,,
5.491136,9.52317554475,-1.14323940829,0.172447793884,2.06961627668,-0.805519604328,9.82958397549,,,,
5.492802,9.47779466951,-1.18938419796,0.21782866912,1.92817980974,-0.840878721065,9.90239567775,,,,
5.494468,9.52317554475,-1.18938419796,0.263209544355,1.99889804321,-0.770160487591,9.82958397549,,,,
5.496134,9.47779466951,-1.18938419796,0.263209544355,1.892820693,-0.805519604328,9.90239567775,,,,
5.4978,9.52317554475,-1.23552898763,0.353971294826,1.892820693,-0.805519604328,9.93880152889,,,,
5.499466,9.52317554475,-1.18938419796,0.353971294826,1.81989251473,-0.73701131565,10.0116132312,,,,
5.501132,9.52317554475,-1.23552898763,0.353971294826,1.78453339799,-0.805519604328,9.90239567775,,,,
5.502798,9.56855641998,-1.18938419796,0.490113920532,1.78453339799,-0.73701131565,10.0480190823,,,,
5.504464,9.61393729522,-1.23552898763,0.353971294826,1.74917428126,-0.805519604328,9.97520738002,,,,
5.50613,9.56855641998,-1.18938419796,0.444733045297,1.892820693,-0.805519604328,9.93880152889,,,,
5.507796,9.52317554475,-1.23552898763,0.444733045297,1.78453339799,-0.805519604328,9.93880152889,,,,
5.509462,9.61393729522,-1.14323940829,0.444733045297,1.85746157626,-0.805519604328,9.90239567775,,,,
5.511128,9.56855641998,-1.18938419796,0.353971294826,1.81989251473,-0.805519604328,9.90239567775,,,,
5.512794,9.52317554475,-1.18938419796,0.353971294826,1.85746157626,-0.805519604328,9.90239567775,,,,
5.51446,9.61393729522,-1.18938419796,0.263209544355,1.92817980974,-0.770160487591,9.90239567775,,,,
5.516126,9.52317554475,-1.14323940829,0.21782866912,2.03425715995,-0.770160487591,9.82958397549,,,,
5.517792,9.52317554475,-1.14323940829,0.172447793884,2.03425715995,-0.73701131565,9.82958397549,,,,
5.519458,9.56855641998,-1.14323940829,0.127066918649,1.99889804321,-0.770160487591,9.79317812435,,,,
5.521124,9.52317554475,-1.14323940829,0.0816860434134,2.10497539342,-0.73701131565,9.82958397549,,,,
5.52279,9.56855641998,-1.09709461863,0.0363051681779,2.17569362689,-0.73701131565,9.79317812435,,,,
5.524456,9.52317554475,-1.14323940829,0.127066918649,2.17569362689,-0.701652198914,9.82958397549,,,,
5.526122,9.56855641998,-1.09709461863,0.0816860434134,2.14033451016,-0.701652198914,9.79317812435,,,,
5.527788,9.61393729522,-1.09709461863,0.0363051681779,2.17569362689,-0.666293082177,9.82958397549,,,,
5.529454,9.61393729522,-1.09709461863,0.0816860434134,2.14033451016,-0.701652198914,9.82958397549,,,,
5.53112,9.65931817045,-1.00480503929,0.21782866912,2.14033451016,-0.73701131565,9.86598982662,,,,
5.532786,9.56855641998,-1.09709461863,0.172447793884,2.10497539342,-0.666293082177,9.86598982662,,,,
5.534452,9.56855641998,-1.14323940829,0.263209544355,2.06961627668,-0.701652198914,9.82958397549,,,,
5.536118,9.52317554475,-1.09709461863,0.263209544355,1.96353892647,-0.666293082177,9.86598982662,,,,
5.537784,9.56855641998,-1.09709461863,0.263209544355,1.892820693,-0.701652198914,9.82958397549,,,,
5.53945,9.56855641998,-1.09709461863,0.353971294826,1.892820693,-0.666293082177,9.90239567775,,,,
5.541116,9.56855641998,-1.09709461863,0.353971294826,1.85746157626,-0.701652198914,9.82958397549,,,,
5.542782,9.56855641998,-1.05094982896,0.399352170061,1.85746157626,-0.666293082177,9.86598982662,,,,
5.544448,9.65931817045,-0.958660249627,0.535494795768,1.74917428126,-0.73701131565,9.86598982662,,,,
5.546114,9.56855641998,-1.05094982896,0.399352170061,1.78453339799,-0.63093396544,9.90239567775,,,,
5.54778,9.61393729522,-1.05094982896,0.399352170061,1.74917428126,-0.701652198914,9.86598982662,,,,
5.549446,9.56855641998,-1.05094982896,0.399352170061,1.81989251473,-0.63093396544,9.90239567775,,,,
5.551112,9.61393729522,-1.05094982896,0.353971294826,1.81989251473,-0.666293082177,9.86598982662,,,,
5.552778,9.70469904569,-0.958660249627,0.353971294826,1.85746157626,-0.595574848703,9.90239567775,,,,
5.554444,9.61393729522,-1.00480503929,0.30859041959,1.81989251473,-0.63093396544,9.82958397549,,,,
5.55611,9.61393729522,-1.00480503929,0.263209544355,1.96353892647,-0.63093396544,9.90239567775,,,,
5.557776,9.65931817045,-0.958660249627,0.21782866912,1.99889804321,-0.666293082177,9.79317812435,,,,
5.559442,9.61393729522,-0.958660249627,0.21782866912,2.03425715995,-0.560215731966,9.90239567775,,,,
5.561108,9.61393729522,-1.00480503929,0.21782866912,1.92817980974,-0.666293082177,9.82958397549,,,,
5.562774,9.65931817045,-1.00480503929,0.172447793884,2.06961627668,-0.560215731966,9.90239567775,,,,
5.56444,9.65931817045,-1.00480503929,0.21782866912,1.99889804321,-0.666293082177,9.93880152889,,,,
5.566106,9.56855641998,-1.00480503929,0.21782866912,2.03425715995,-0.560215731966,9.86598982662,,,,
5.567772,9.70469904569,-0.912515459961,0.399352170061,1.92817980974,-0.595574848703,9.93880152889,,,,
5.569438,9.56855641998,-1.00480503929,0.21782866912,1.99889804321,-0.595574848703,9.90239567775,,,,
5.571104,9.56855641998,-1.00480503929,0.30859041959,1.892820693,-0.52485661523,9.97520738002,,,,
5.57277,9.52317554475,-1.00480503929,0.399352170061,1.85746157626,-0.63093396544,9.90239567775,,,,
5.574436,9.61393729522,-0.958660249627,0.444733045297,1.92817980974,-0.52485661523,9.93880152889,,,,
5.576102,9.56855641998,-1.05094982896,0.444733045297,1.78453339799,-0.63093396544,9.93880152889,,,,
5.577768,9.52317554475,-1.05094982896,0.444733045297,1.85746157626,-0.595574848703,9.90239567775,,,,
5.579434,9.52317554475,-1.00480503929,0.490113920532,1.74917428126,-0.63093396544,9.90239567775,,,,
5.5811,9.56855641998,-1.00480503929,0.490113920532,1.81989251473,-0.666293082177,9.90239567775,,,,
5.582766,9.56855641998,-1.05094982896,0.444733045297,1.78453339799,-0.63093396544,9.97520738002,,,,
5.584432,9.56855641998,-1.05094982896,0.444733045297,1.74917428126,-0.666293082177,9.90239567775,,,,
5.586098,9.52317554475,-1.05094982896,0.353971294826,1.78453339799,-0.666293082177,9.90239567775,,,,
5.587764,9.61393729522,-1.05094982896,0.353971294826,1.81989251473,-0.666293082177,9.93880152889,,,,
5.58943,9.56855641998,-1.00480503929,0.30859041959,1.892820693,-0.666293082177,9.90239567775,,,,
5.591096,9.52317554475,-1.00480503929,0.30859041959,1.92817980974,-0.63093396544,9.90239567775,,,,
5.592762,9.52317554475,-1.05094982896,0.21782866912,1.96353892647,-0.63093396544,9.90239567775,,,,
5.594428,9.56855641998,-1.00480503929,0.127066918649,2.03425715995,-0.63093396544,9.90239567775,,,,
5.596094,9.52317554475,-1.00480503929,0.172447793884,2.06961627668,-0.666293082177,9.79317812435,,,,
5.59776,9.61393729522,-0.912515459961,0.30859041959,2.10497539342,-0.63093396544,9.82958397549,,,,
5.599426,9.52317554475,-1.00480503929,0.0816860434134,2.14033451016,-0.63093396544,9.82958397549,,,,
5.601092,9.52317554475,-1.00480503929,0.0816860434134,2.17569362689,-0.560215731966,9.82958397549,,,,
5.602758,9.61393729522,-0.912515459961,0.21782866912,2.10497539342,-0.63093396544,9.75677227322,,,,
5.604424,9.47779466951,-1.00480503929,0.127066918649,2.14033451016,-0.63093396544,9.82958397549,,,,
5.60609,9.47779466951,-1.00480503929,0.127066918649,2.06961627668,-0.666293082177,9.79317812435,,,,
5.607756,9.47779466951,-1.00480503929,0.172447793884,2.06961627668,-0.63093396544,9.86598982662,,,,
5.609422,9.47779466951,-1.05094982896,0.21782866912,1.96353892647,-0.666293082177,9.79317812435,,,,
5.611088,9.47779466951,-1.00480503929,0.263209544355,1.92817980974,-0.63093396544,9.90239567775,,,,
5.612754,9.47779466951,-1.05094982896,0.263209544355,1.85746157626,-0.701652198914,9.82958397549,,,,
5.61442,9.47779466951,-1.05094982896,0.353971294826,1.92817980974,-0.63093396544,9.90239567775,,,,
5.616086,9.52317554475,-1.00480503929,0.399352170061,1.78453339799,-0.666293082177,10.0116132312,,,,
5.617752,9.52317554475,-1.05094982896,0.399352170061,1.78453339799,-0.63093396544,9.93880152889,,,,
5.619418,9.61393729522,-0.912515459961,0.535494795768,1.78453339799,-0.52485661523,10.0116132312,,,,
5.621084,9.47779466951,-1.05094982896,0.399352170061,1.78453339799,-0.63093396544,9.93880152889,,,,
5.62275,9.52317554475,-1.00480503929,0.399352170061,1.85746157626,-0.52485661523,10.0116132312,,,,
5.624416,9.47779466951,-1.05094982896,0.490113920532,1.78453339799,-0.63093396544,9.90239567775,,,,
5.626082,9.52317554475,-0.958660249627,0.535494795768,1.85746157626,-0.52485661523,9.90239567775,,,,
5.627748,9.47779466951,-1.00480503929,0.353971294826,1.81989251473,-0.560215731966,9.90239567775,,,,
5.629414,9.52317554475,-1.00480503929,0.30859041959,1.85746157626,-0.52485661523,9.97520738002,,,,
